#EventID|Time|Latitude|Longitude|Depth/km|MagType|Magnitude|EventLocationName
20240215.1220002|2024-02-15T12:20:23.000Z|52.9496|-132.6097|20|ML|1.57|49 km SW of Village of Queen Charlotte, BC/49 km SO de Village of Queen Charlotte, BC
20240215.1211001|2024-02-15T12:11:59.000Z|53.8583|-132.6976|14.24|ML|1.99|38 km NW of Port Clements, BC/38 km NO de Port Clements, BC
20240215.1135001|2024-02-15T11:35:58.000Z|49.6455|-127.4595|15.19|ML|1.79|82 km S of Port Alice, BC/82 km S de Port Alice, BC
20240215.0933001|2024-02-15T09:33:43.000Z|49.2751|-127.9373|10|Mw|2.58|128 km S of Port Alice, BC/128 km S de Port Alice, BC
20240215.0747001|2024-02-15T07:47:24.000Z|59.8446|-136.7463|10|ML|1.65|86 km NW of Skagway, AK/86 km NO de Skagway, AK
20240215.0708001|2024-02-15T07:08:22.000Z|50.528|-130.2369|10|Mw|2.92|194 km W of Port Hardy, BC/194 km O de Port Hardy, BC
20240215.0530001|2024-02-15T05:30:31.000Z|53.91|-131.6857|5|ML|1.88|33 km E of Masset, BC/33 km E de Masset, BC
20240215.0334001|2024-02-15T03:34:59.000Z|61.006|-138.6913|7.39|ML|2.05|42 km SE of Burwash Landing, YT/42 km SE de Burwash Landing, YT
20240215.0102001|2024-02-15T01:02:26.000Z|59.9265|-137.343|1|ML|1.72|93 km S of Haines Junction, YT/93 km S de Haines Junction, YT
20240214.0056001|2024-02-14T00:56:07.000Z|49.4566|-66.8494|18|MN|1.14|33 km E of Baie-Trinité, QC/33 km E de Baie-Trinité, QC
20240213.1553001|2024-02-13T15:53:45.000Z|50.1683|-127.8589|26.71|ML|1.6|37 km SW of Port Alice, BC/37 km SO de Port Alice, BC
20240213.1421001|2024-02-13T14:21:52.000Z|50.5378|-130.2425|10|Mw|3.11|195 km W of Port Hardy, BC/195 km O de Port Hardy, BC
20240213.1022001|2024-02-13T10:22:15.000Z|52.8687|-132.5001|20|ML|1.42|52 km SW of Village of Queen Charlotte, BC/52 km SO de Village of Queen Charlotte, BC
20240213.1019001|2024-02-13T10:19:22.000Z|52.8657|-132.5079|20|ML|1.29|52 km SW of Village of Queen Charlotte, BC/52 km SO de Village of Queen Charlotte, BC
20240213.0933001|2024-02-13T09:33:06.000Z|60.9529|-138.4172|1|ML|1.26|53 km NW of Haines Junction, YT/53 km NO de Haines Junction, YT
20240213.0719001|2024-02-13T07:19:22.000Z|62.2339|-124.1003|5|ML|3.51|118 km S of Wrigley, NT/118 km S de Wrigley, NT
20240213.0418001|2024-02-13T04:18:18.000Z|55.9416|-57.8823|18|MN|2.49|125 km NE of Makkovik, NL/125 km NE de Makkovik, NL
20240213.0212002|2024-02-13T02:12:39.000Z|57.0886|-122.3375|1|ML|1.97|129 km NW of Fort St. John, BC/129 km NO de Fort St. John, BC
20240213.0157001|2024-02-13T01:57:40.000Z|59.7817|-136.5695|1|ML|1.83|74 km NW of Skagway, AK/74 km NO de Skagway, AK
20240213.0143001|2024-02-13T01:43:56.000Z|73.2625|-81.7472|18|MN|2.05|113 km ENE of Arctic Bay, NU/113 km ENE de Arctic Bay, NU
20240213.0132001|2024-02-13T01:32:05.000Z|53.0114|-132.5472|20|ML|1.09|40 km SW of Village of Queen Charlotte, BC/40 km SO de Village of Queen Charlotte, BC
20240213.0047001|2024-02-13T00:47:01.000Z|53.4281|-133.057|20|ML|1.53|64 km SW of Port Clements, BC/64 km SO de Port Clements, BC
20240213.0039001|2024-02-13T00:39:23.000Z|53.3305|-133.1829|20|ML|1.57|73 km W of Village of Queen Charlotte, BC/73 km O de Village of Queen Charlotte, BC
20240213.0038001|2024-02-13T00:38:42.000Z|53.4257|-133.0076|20|ML|1.48|61 km SW of Port Clements, BC/61 km SO de Port Clements, BC
20240212.2249001|2024-02-12T22:49:06.000Z|53.1593|-132.8209|19.42|ML|1.65|50 km W of Village of Queen Charlotte, BC/50 km O de Village of Queen Charlotte, BC
20240212.2004001|2024-02-12T20:04:04.000Z|50.9487|-95.0972|5|MN|1.79|42 km ESE of Bissett, MB/42 km ESE de Bissett, MB
20240212.1712001|2024-02-12T17:12:43.000Z|52.1827|-132.1158|20|ML|2.25|119 km S of Village of Queen Charlotte, BC/119 km S de Village of Queen Charlotte, BC
20240212.1618001|2024-02-12T16:18:26.000Z|61.4758|-140.3943|1|ML|1.56|75 km W of Burwash Landing, YT/75 km O de Burwash Landing, YT
20240212.1441001|2024-02-12T14:41:11.000Z|62.138|-124.1517|5|ML|3.54|128 km N of Nahanni Butte, NT/128 km N de Nahanni Butte, NT
20240212.1339001|2024-02-12T13:39:50.000Z|60.235|-140.8424|12.49|ML|1.85|96 km NW of Yakutat, AK/96 km NO de Yakutat, AK
20240212.1047002|2024-02-12T10:47:19.000Z|53.8932|-131.6562|10|ML|1.83|35 km SE of Masset, BC/35 km SE de Masset, BC
20240212.0928004|2024-02-12T09:28:23.000Z|48.7774|-120.6647|10|ML|2.13|77 km S of Princeton, BC/77 km S de Princeton, BC
20240212.0639002|2024-02-12T06:39:14.000Z|52.8839|-132.1626|14.09|ML|1.32|41 km S of Village of Queen Charlotte, BC/41 km S de Village of Queen Charlotte, BC
20240212.0606001|2024-02-12T06:06:19.000Z|52.8807|-132.1512|14.58|ML|1.24|41 km S of Village of Queen Charlotte, BC/41 km S de Village of Queen Charlotte, BC
20240212.0453001|2024-02-12T04:53:42.000Z|64.8216|-139.6168|10|ML|1.09|84 km N of Dawson, YT/84 km N de Dawson, YT
20240212.0311001|2024-02-12T03:11:45.000Z|64.2856|-135.4254|5|ML|2.78|41 km N of Keno, YT/41 km N de Keno, YT
20240212.0248001|2024-02-12T02:48:53.000Z|52.8579|-132.3946|23.6|ML|1.28|49 km SW of Village of Queen Charlotte, BC/49 km SO de Village of Queen Charlotte, BC
20240211.2206001|2024-02-11T22:06:04.000Z|59.9469|-139.3775|0|ML|2.08|47 km NE of Yakutat, AK/47 km NE de Yakutat, AK
20240211.1956001|2024-02-11T19:56:03.000Z|51.4697|-131.2703|10|Mw|3.62|207 km S of Village of Queen Charlotte, BC/207 km S de Village of Queen Charlotte, BC
20240211.1904001|2024-02-11T19:04:30.000Z|49.8495|-66.462|18|MN|1.73|35 km SE of Port-Cartier, QC/35 km SE de Port-Cartier, QC
20240211.1615001|2024-02-11T16:15:15.000Z|52.8872|-132.1625|14.24|ML|1.5|41 km S of Village of Queen Charlotte, BC/41 km S de Village of Queen Charlotte, BC
20240211.1128002|2024-02-11T11:28:51.000Z|60.1883|-141.1651|13.4|ML|2.08|104 km NW of Yakutat, AK/104 km NO de Yakutat, AK
20240211.0919001|2024-02-11T09:19:25.000Z|46.9996|-66.5827|5|MN|1.55|53 km N of Upper Miramichi, NB/53 km N de Upper Miramichi, NB
20240211.0823001|2024-02-11T08:23:11.000Z|45.3357|-74.3443|11.34|MN|1.08|5 km NW of Saint-Polycarpe, QC/5 km NO de Saint-Polycarpe, QC
20240211.0704001|2024-02-11T07:04:47.000Z|60.8132|-138.2088|0.94|ML|1.7|38 km W of Haines Junction, YT/38 km O de Haines Junction, YT
20240211.0642001|2024-02-11T06:42:49.000Z|49.4038|-94.5986|2|MN|2.11|20 km ENE of Lake Of The Woods, ON/20 km ENE de Lake Of The Woods, ON
20240211.0609001|2024-02-11T06:09:24.000Z|49.4527|-94.5675|2|MN|1.37|24 km ENE of Lake Of The Woods, ON/24 km ENE de Lake Of The Woods, ON
20240211.0510001|2024-02-11T05:10:19.000Z|52.8497|-132.425|22.09|ML|1.45|51 km SW of Village of Queen Charlotte, BC/51 km SO de Village of Queen Charlotte, BC
20240211.0340004|2024-02-11T03:40:52.000Z|49.9682|-132.7685|10|Mw|4.36|369 km S of Village of Queen Charlotte, BC/369 km S de Village of Queen Charlotte, BC
20240211.0318001|2024-02-11T03:18:00.000Z|50.7128|-63.2608|2|MN|1.69|21 km NNE of Tio Mine, QC/21 km NNE de la mine Tio, QC
20240211.0232001|2024-02-11T02:32:00.000Z|50.6956|-63.2887|2|MN|2.19|18 km NNE of Tio Mine, QC/18 km NNE de la mine Tio, QC
20240211.0023001|2024-02-11T00:23:20.000Z|52.6075|-132.6028|20|ML|1.84|80 km SW of Village of Queen Charlotte, BC/80 km SO de Village of Queen Charlotte, BC
20240210.2349001|2024-02-10T23:49:30.000Z|50.4811|-121.073|0|ML|2.26|30 km SE of Ashcroft, BC/30 km SE de Ashcroft, BC
20240210.2337002|2024-02-10T23:37:45.000Z|46.7483|-121.5125|3.74|ML|2.24|91 km SE of Tacoma, WA/91 km SE de Tacoma, WA
20240210.2119001|2024-02-10T21:19:22.000Z|47.1691|-76.5063|18|MN|1.67|77 km NW of Grand-Remous, QC/77 km NO de Grand-Remous, QC
20240210.1703001|2024-02-10T17:03:10.000Z|50.7285|-63.3193|2|MN|3.25|21 km NNE of Tio Mine, QC/21 km NNE de la mine Tio, QC
20240210.1648001|2024-02-10T16:48:10.000Z|50.6941|-63.2626|2|MN|1.36|19 km NE of Tio Mine, QC/19 km NE de la mine Tio, QC
20240210.1443001|2024-02-10T14:43:12.000Z|52.5434|-132.0017|5.32|ML|1.73|79 km S of Village of Queen Charlotte, BC/79 km S de Village of Queen Charlotte, BC
20240210.1115001|2024-02-10T11:15:38.000Z|57.5868|-136.95|1|ML|3.42|112 km NW of Sitka, Alaska, USA/112 km NO de Sitka, Alaska, USA
20240210.1011001|2024-02-10T10:11:27.000Z|61.1461|-138.3924|2.52|ML|1.9|40 km SE of Burwash Landing, YT/40 km SE de Burwash Landing, YT
20240210.0909001|2024-02-10T09:09:56.000Z|56.7072|-122.1576|6.29|ML|2.41|94 km NW of Fort St. John, BC/94 km NO de Fort St. John, BC
20240210.0810001|2024-02-10T08:10:15.000Z|52.7496|-132.3111|14.55|ML|1.76|59 km S of Village of Queen Charlotte, BC/59 km S de Village of Queen Charlotte, BC
20240210.0731001|2024-02-10T07:31:02.000Z|47.2335|-128.5787|10|Mw|3.54|290 km SW of Tofino, BC/290 km SO de Tofino, BC
20240210.0638001|2024-02-10T06:38:19.000Z|59.901|-140.7527|4.1|ML|2.49|67 km NW of Yakutat, AK/67 km NO de Yakutat, AK
20240210.0620001|2024-02-10T06:20:50.000Z|53.8659|-132.4498|8.1|ML|1.85|25 km SW of Masset, BC/25 km SO de Masset, BC
20240210.0444001|2024-02-10T04:44:42.000Z|56.6999|-122.1249|6.5|ML|1.88|92 km NW of Fort St. John, BC/92 km NO de Fort St. John, BC
20240210.0350001|2024-02-10T03:50:12.000Z|52.8862|-132.1612|14.19|ML|1.34|41 km S of Village of Queen Charlotte, BC/41 km S de Village of Queen Charlotte, BC
20240210.0221001|2024-02-10T02:21:18.000Z|49.4339|-65.8162|18|MN|1.26|23 km NNW of Saint-Maxime-du-Mont-Louis, QC/23 km NNO de Saint-Maxime-du-Mont-Louis, QC
20240210.0120001|2024-02-10T01:20:16.000Z|60.8078|-138.2536|5.98|ML|2.04|40 km W of Haines Junction, YT/40 km O de Haines Junction, YT
20240209.1944001|2024-02-09T19:44:07.000Z|53.9046|-132.5675|18.68|ML|1.79|29 km SW of Masset, BC/29 km SO de Masset, BC
20240209.1900002|2024-02-09T19:00:13.000Z|60.8237|-138.1792|1|ML|2.41|36 km W of Haines Junction, YT/36 km O de Haines Junction, YT
20240209.1851004|2024-02-09T18:51:25.000Z|60.8275|-138.1968|1|ML|2.66|37 km W of Haines Junction, YT/37 km O de Haines Junction, YT
20240209.1844001|2024-02-09T18:44:54.000Z|60.8005|-138.2335|1|ML|3.79|39 km W of Haines Junction, YT/39 km O de Haines Junction, YT
20240209.1109001|2024-02-09T11:09:57.000Z|58.9636|-134.7583|1|ML|1.88|70 km SE of Skagway, AK/70 km SE de Skagway, AK
20240209.1041001|2024-02-09T10:41:51.000Z|50.2761|-130.0296|10|Mw|2.61|183 km W of Port Alice, BC/183 km O de Port Alice, BC
20240209.0725001|2024-02-09T07:25:20.000Z|50.5725|-130.2048|10|Mw|2.75|191 km W of Port Hardy, BC/191 km O de Port Hardy, BC
20240209.0641002|2024-02-09T06:41:31.000Z|53.4645|-133.1662|19.68|ML|2.04|69 km W of Port Clements, BC/69 km O de Port Clements, BC
20240209.0606001|2024-02-09T06:06:39.000Z|47.1396|-76.4946|18|MN|1.96|74 km NW of Grand-Remous, QC/74 km NO de Grand-Remous, QC
20240209.0311001|2024-02-09T03:11:52.000Z|48.3422|-124.7407|34.48|ML|1.73|33 km SW of Port Renfrew, BC/33 km SO de Port Renfrew, BC
20240209.0137001|2024-02-09T01:37:16.000Z|48.8238|-129.4361|10|Mw|2.85|225 km SW of Port Alice, BC/225 km SO de Port Alice, BC
20240208.2209002|2024-02-08T22:09:26.000Z|62.3066|-141.7745|12.16|ML|4.04|47 km W of Beaver Creek, YT/47 km O de Beaver Creek, YT
20240208.1452001|2024-02-08T14:52:46.000Z|52.7358|-132.2719|20|ML|1.28|59 km S of Village of Queen Charlotte, BC/59 km S de Village of Queen Charlotte, BC
20240208.1451001|2024-02-08T14:51:56.000Z|53.9141|-132.624|16.73|ML|1.41|33 km W of Masset, BC/33 km O de Masset, BC
20240208.1443002|2024-02-08T14:43:35.000Z|50.1538|-132.7004|10|Mw|3.78|347 km S of Village of Queen Charlotte, BC/347 km S de Village of Queen Charlotte, BC
20240208.1424001|2024-02-08T14:24:07.000Z|53.8939|-132.546|20|ML|1.47|29 km SW of Masset, BC/29 km SO de Masset, BC
20240208.1416001|2024-02-08T14:16:17.000Z|53.9086|-132.4972|20|ML|1.5|25 km SW of Masset, BC/25 km SO de Masset, BC
20240208.1350001|2024-02-08T13:50:19.000Z|53.9272|-132.521|20|ML|1.47|26 km SW of Masset, BC/26 km SO de Masset, BC
20240208.1347001|2024-02-08T13:47:53.000Z|53.92|-132.5094|19.2|ML|1.68|25 km SW of Masset, BC/25 km SO de Masset, BC
20240208.1105001|2024-02-08T11:05:13.000Z|50.6422|-130.4128|10|Mw|3.16|205 km W of Port Hardy, BC/205 km O de Port Hardy, BC
20240208.0936001|2024-02-08T09:36:30.000Z|51.1155|-124.4264|1|ML|2.29|134 km NE of Campbell River, BC/134 km NE de Campbell River, BC
20240208.0923001|2024-02-08T09:23:03.000Z|52.7605|-132.2684|18.18|ML|1.32|56 km S of Village of Queen Charlotte, BC/56 km S de Village of Queen Charlotte, BC
20240208.0339001|2024-02-08T03:39:47.000Z|52.7583|-132.2829|19.51|ML|1.51|57 km S of Village of Queen Charlotte, BC/57 km S de Village of Queen Charlotte, BC
20240208.0205002|2024-02-08T02:05:48.000Z|52.6465|-132.1422|22.7|ML|1.73|68 km S of Village of Queen Charlotte, BC/68 km S de Village of Queen Charlotte, BC
20240207.2346001|2024-02-07T23:46:15.000Z|44.9381|-74.5426|14.86|MN|1.85|14 km SE of Akwesasne (Part), ON/14 km SE de Akwesasne (Part), ON
20240207.2236001|2024-02-07T22:36:25.000Z|55.1577|-124.3048|1|ML|2.09|80 km N of Necoslie (Fort St. James), BC/80 km N de Necoslie (Fort St. James), BC
20240207.2218001|2024-02-07T22:18:11.000Z|52.8129|-132.379|20|ML|1.38|53 km S of Village of Queen Charlotte, BC/53 km S de Village of Queen Charlotte, BC
20240207.2214001|2024-02-07T22:14:38.000Z|59.615|-136.0549|2.66|ML|1.56|41 km W of Skagway, AK/41 km O de Skagway, AK
20240207.1839001|2024-02-07T18:39:24.000Z|61.1674|-139.9852|1|ML|1.42|57 km W of Burwash Landing, YT/57 km O de Burwash Landing, YT
20240207.1801001|2024-02-07T18:01:24.000Z|43.8102|-77.8365|5|MN|1.84|20 km S of Ogden Point Mine, ON/20 km S de la mine Ogden Point, ON
20240207.1354001|2024-02-07T13:54:50.000Z|52.2621|-132.2826|20|ML|2.07|111 km S of Village of Queen Charlotte, BC/111 km S de Village of Queen Charlotte, BC
20240207.1345001|2024-02-07T13:45:45.000Z|60.1809|-138.2597|5|ML|1.7|75 km SW of Haines Junction, YT/75 km SO de Haines Junction, YT
20240207.1249001|2024-02-07T12:49:28.000Z|48.5332|-128.3609|10|Mw|2.93|193 km W of Tofino, BC/193 km O de Tofino, BC
20240207.1124001|2024-02-07T11:24:34.000Z|48.7269|-121.8551|1|ML|1.67|47 km SE of Abbotsford, BC/47 km SE de Abbotsford, BC
20240207.1056001|2024-02-07T10:56:03.000Z|53.1231|-132.6833|17.86|ML|1.65|42 km W of Village of Queen Charlotte, BC/42 km O de Village of Queen Charlotte, BC
20240207.1020001|2024-02-07T10:20:31.000Z|43.1966|-77.6927|5|MN|1.94|7 km WNW of Rochester, NY/7 km ONO de Rochester, NY
20240207.0736001|2024-02-07T07:36:04.000Z|61.2888|-139.4531|4.36|ML|1.07|25 km W of Burwash Landing, YT/25 km O de Burwash Landing, YT
20240207.0732001|2024-02-07T07:32:50.000Z|60.1794|-138.2203|5|ML|2.08|75 km SW of Haines Junction, YT/75 km SO de Haines Junction, YT
20240207.0520001|2024-02-07T05:20:31.000Z|56.6992|-122.1725|1|ML|1.6|94 km NW of Fort St. John, BC/94 km NO de Fort St. John, BC
20240207.0453001|2024-02-07T04:53:13.000Z|47.2685|-66.2548|5|MN|2.07|33 km S of Caribou Mine, NB/33 km S de la mine Caribou, NB
20240207.0407001|2024-02-07T04:07:00.000Z|53.0577|-132.8302|17.69|ML|1.61|54 km SW of Village of Queen Charlotte, BC/54 km SO de Village of Queen Charlotte, BC
20240207.0403001|2024-02-07T04:03:59.000Z|52.629|-132.0994|20.72|ML|1.49|70 km S of Village of Queen Charlotte, BC/70 km S de Village of Queen Charlotte, BC
20240207.0401001|2024-02-07T04:01:15.000Z|53.0561|-132.8316|17.57|ML|1.63|54 km SW of Village of Queen Charlotte, BC/54 km SO de Village of Queen Charlotte, BC
20240207.0228001|2024-02-07T02:28:15.000Z|50.4251|-130.1312|10|Mw|3.08|189 km W of Port Hardy, BC/189 km O de Port Hardy, BC
20240207.0130002|2024-02-07T01:30:54.000Z|59.9199|-141.0832|1|ML|1.94|83 km NW of Yakutat, AK/83 km NO de Yakutat, AK
20240207.0127001|2024-02-07T01:27:30.000Z|59.0208|-136.2775|1|ML|1.97|77 km SW of Skagway, AK/77 km SO de Skagway, AK
20240206.2133001|2024-02-06T21:33:54.000Z|52.658|-132.1206|21|ML|1.57|67 km S of Village of Queen Charlotte, BC/67 km S de Village of Queen Charlotte, BC
20240206.2116002|2024-02-06T21:16:14.000Z|62.2848|-141.658|1|ML|1.85|41 km W of Beaver Creek, YT/41 km O de Beaver Creek, YT
20240206.2008001|2024-02-06T20:08:59.000Z|50.542|-130.2752|10|Mw|3.12|197 km W of Port Hardy, BC/197 km O de Port Hardy, BC
20240206.2007001|2024-02-06T20:07:12.000Z|52.7296|-132.2708|17.2|ML|1.32|60 km S of Village of Queen Charlotte, BC/60 km S de Village of Queen Charlotte, BC
20240206.1800001|2024-02-06T18:00:13.000Z|59.9205|-137.3354|5|ML|1.86|93 km S of Haines Junction, YT/93 km S de Haines Junction, YT
20240206.1716001|2024-02-06T17:16:58.000Z|62.7732|-136.051|5|ML|2.09|27 km E of Pelly Crossing, YT/27 km E de Pelly Crossing, YT
20240206.1716002|2024-02-06T17:16:38.000Z|59.8086|-139.3969|10|ML|1.7|34 km NE of Yakutat, AK/34 km NE de Yakutat, AK
20240206.1637001|2024-02-06T16:37:58.000Z|50.2547|-132.555|10|Mw|3.89|335 km S of Village of Queen Charlotte, BC/335 km S de Village of Queen Charlotte, BC
20240206.1533001|2024-02-06T15:33:35.000Z|51.796|-126.0146|1|ML|2.25|83 km SE of Bella Coola, BC/83 km SE de Bella Coola, BC
20240206.1212001|2024-02-06T12:12:39.000Z|46.3207|-80.0643|2|MN|1.87|8 km SW of Cache Bay, ON/8 km SO de Cache Bay, ON
20240206.1116001|2024-02-06T11:16:23.000Z|60.545|-140.1268|5|ML|1.68|109 km SW of Burwash Landing, YT/109 km SO de Burwash Landing, YT
20240206.1054001|2024-02-06T10:54:04.000Z|51.1099|-124.4555|5|ML|2.37|132 km NE of Campbell River, BC/132 km NE de Campbell River, BC
20240206.0940001|2024-02-06T09:40:30.000Z|50.6844|-130.4358|10|Mw|3.07|207 km W of Port Hardy, BC/207 km O de Port Hardy, BC
20240206.0608001|2024-02-06T06:08:52.000Z|52.7336|-132.3009|18.2|ML|1.68|60 km S of Village of Queen Charlotte, BC/60 km S de Village of Queen Charlotte, BC
20240206.0553001|2024-02-06T05:53:03.000Z|54.2786|-117.603|1|ML|3.53|54 km W of Fox Creek, AB/54 km O de Fox Creek, AB
20240206.0539001|2024-02-06T05:39:43.000Z|61.6242|-141.4081|5|ML|1.59|89 km S of Beaver Creek, YT/89 km S de Beaver Creek, YT
20240206.0506001|2024-02-06T05:06:35.000Z|44.5203|-77.2483|2|MN|1.81|8 km NE of Tweed, ON/8 km NE de Tweed, ON
20240206.0417001|2024-02-06T04:17:38.000Z|59.9464|-139.2051|5|ML|1.7|53 km NE of Yakutat, AK/53 km NE de Yakutat, AK
20240206.0415001|2024-02-06T04:15:32.000Z|59.1081|-136.2049|1|ML|1.58|67 km SW of Skagway, AK/67 km SO de Skagway, AK
20240206.0223001|2024-02-06T02:23:44.000Z|49.6023|-127.2293|20.06|ML|1.58|80 km W of Gold River, BC/80 km O de Gold River, BC
20240206.0145002|2024-02-06T01:45:52.000Z|59.8347|-141.1533|6.63|ML|2.04|83 km W of Yakutat, AK/83 km O de Yakutat, AK
20240206.0134001|2024-02-06T01:34:20.000Z|47.6035|-129.1073|10|Mw|3.67|292 km SW of Tofino, BC/292 km SO de Tofino, BC
20240206.0120001|2024-02-06T01:20:23.000Z|48.7766|-120.6528|1|ML|2.03|77 km S of Princeton, BC/77 km S de Princeton, BC
20240206.0106001|2024-02-06T01:06:48.000Z|52.7516|-132.3283|14.65|ML|1.48|58 km S of Village of Queen Charlotte, BC/58 km S de Village of Queen Charlotte, BC
20240206.0042001|2024-02-06T00:42:48.000Z|56.7151|-122.1249|1|ML|1.57|93 km NW of Fort St. John, BC/93 km NO de Fort St. John, BC
20240206.0006001|2024-02-06T00:06:10.000Z|61.5277|-138.2475|1|ML|1.14|44 km NE of Burwash Landing, YT/44 km NE de Burwash Landing, YT
20240205.2308001|2024-02-05T23:08:54.000Z|49.5366|-66.9539|18|MN|1.28|28 km ENE of Baie-Trinité, QC/28 km ENE de Baie-Trinité, QC
20240205.1408001|2024-02-05T14:08:44.000Z|49.6397|-126.9552|29.11|ML|2.23|60 km W of Gold River, BC/60 km O de Gold River, BC
20240205.1236001|2024-02-05T12:36:14.000Z|48.794|-121.6989|12.61|ML|1.9|46 km SE of Chilliwack, BC/46 km SE de Chilliwack, BC
20240205.0951001|2024-02-05T09:51:13.000Z|52.7252|-132.6199|20|ML|1.52|69 km SW of Village of Queen Charlotte, BC/69 km SO de Village of Queen Charlotte, BC
20240205.0847001|2024-02-05T08:47:59.000Z|46.7174|-67.3697|5|MN|2.25|21 km S of Plaster Rock, NB/21 km S de Plaster Rock, NB
20240205.0847002|2024-02-05T08:47:51.000Z|52.4102|-131.7826|18.77|ML|1.96|96 km S of Village of Queen Charlotte, BC/96 km S de Village of Queen Charlotte, BC
20240205.0827001|2024-02-05T08:27:45.000Z|48.6463|-123.0963|21.18|ML|1.49|22 km E of Sidney, BC/22 km E de Sidney, BC
20240205.0826001|2024-02-05T08:26:04.000Z|48.643|-123.0966|20.44|ML|1.49|22 km E of Sidney, BC/22 km E de Sidney, BC
20240205.0733002|2024-02-05T07:33:13.000Z|47.5098|-129.1513|10|Mw|3.89|302 km SW of Tofino, BC/302 km SO de Tofino, BC
20240205.0302001|2024-02-05T03:02:43.000Z|58.3139|-136.9539|1|ML|2.09|148 km W of Juneau, AK/148 km O de Juneau, AK
20240205.0212001|2024-02-05T02:12:35.000Z|60.8325|-138.1892|5.19|ML|2.01|37 km W of Haines Junction, YT/37 km O de Haines Junction, YT
20240205.0044001|2024-02-05T00:44:13.000Z|49.3195|-129.0632|10|Mw|2.89|166 km SW of Port Alice, BC/166 km SO de Port Alice, BC
20240204.2237001|2024-02-04T22:37:32.000Z|50.2027|-125.7302|5.87|ML|1.53|40 km NW of Campbell River, BC/40 km NO de Campbell River, BC
20240204.2231001|2024-02-04T22:31:52.000Z|47.7863|-128.7779|10|Mw|3.44|260 km SW of Tofino, BC/260 km SO de Tofino, BC
20240204.2210001|2024-02-04T22:10:54.000Z|55.3484|-121.7634|5.52|ML|2.39|39 km S of Chetwynd, BC/39 km S de Chetwynd, BC
20240204.1947001|2024-02-04T19:47:30.000Z|50.9109|-64.0486|18|MN|2.15|60 km NW of Tio Mine, QC/60 km NO de la mine Tio, QC
20240204.1634001|2024-02-04T16:34:53.000Z|60.0406|-140.7876|9.15|ML|1.82|78 km NW of Yakutat, AK/78 km NO de Yakutat, AK
20240204.1619001|2024-02-04T16:19:34.000Z|45.8519|-77.7949|12.8|MN|1.73|32 km SW of Chalk River, ON/32 km SO de Chalk River, ON
20240204.1530003|2024-02-04T15:30:58.000Z|60.1411|-141.3303|0.2|ML|2.41|109 km NW of Yakutat, AK/109 km NO de Yakutat, AK
20240204.1521001|2024-02-04T15:21:37.000Z|50.5808|-130.3262|10|Mw|3.05|200 km W of Port Hardy, BC/200 km O de Port Hardy, BC
20240204.1446001|2024-02-04T14:46:22.000Z|50.524|-130.273|10|Mw|2.89|197 km W of Port Hardy, BC/197 km O de Port Hardy, BC
20240204.1410001|2024-02-04T14:10:24.000Z|47.5003|-129.2674|10|Mw|3.78|308 km SW of Tofino, BC/308 km SO de Tofino, BC
20240204.1359001|2024-02-04T13:59:49.000Z|61.2125|-140.6366|4.22|ML|1.91|89 km W of Burwash Landing, YT/89 km O de Burwash Landing, YT
20240204.1102001|2024-02-04T11:02:52.000Z|47.5615|-128.904|10|Mw|3.68|283 km SW of Tofino, BC/283 km SO de Tofino, BC
20240204.1044001|2024-02-04T10:44:11.000Z|47.6006|-129.079|10|Mw|3.72|290 km SW of Tofino, BC/290 km SO de Tofino, BC
20240204.0927001|2024-02-04T09:27:12.000Z|56.7166|-122.1433|8.84|ML|1.83|94 km NW of Fort St. John, BC/94 km NO de Fort St. John, BC
20240204.0737001|2024-02-04T07:37:03.000Z|59.9244|-139.5934|0|ML|1.99|41 km N of Yakutat, AK/41 km N de Yakutat, AK
20240204.0628002|2024-02-04T06:28:22.000Z|60.0286|-140.7626|6.95|ML|2.83|76 km NW of Yakutat, AK/76 km NO de Yakutat, AK
20240204.0423001|2024-02-04T04:23:35.000Z|50.4454|-64.5643|18|MN|1.55|25 km NE of Rivière-au-Tonnerre, QC/25 km NE de Rivière-au-Tonnerre, QC
20240204.0225001|2024-02-04T02:25:09.000Z|50.2134|-132.53|10|Mw|3.97|340 km S of Village of Queen Charlotte, BC/340 km S de Village of Queen Charlotte, BC
20240203.2313002|2024-02-03T23:13:43.000Z|52.4792|-132.0142|20|ML|1.83|87 km S of Village of Queen Charlotte, BC/87 km S de Village of Queen Charlotte, BC
20240203.2156002|2024-02-03T21:56:30.000Z|58.2735|-136.9709|3.67|ML|3.63|149 km W of Juneau, AK/149 km O de Juneau, AK
20240203.1814001|2024-02-03T18:14:21.000Z|55.4573|-122.6062|10|ML|2.63|64 km SW of Chetwynd, BC/64 km SO de Chetwynd, BC
20240203.1655002|2024-02-03T16:55:22.000Z|60.2569|-141.2848|2.04|ML|2.1|114 km NW of Yakutat, AK/114 km NO de Yakutat, AK
20240203.1609001|2024-02-03T16:09:38.000Z|45.7757|-77.6298|12.9|MN|1.26|31 km WSW of Petawawa, ON/31 km OSO de Petawawa, ON
20240203.1444001|2024-02-03T14:44:03.000Z|61.9401|-139.7477|6.82|ML|2.6|76 km NW of Burwash Landing, YT/76 km NO de Burwash Landing, YT
20240203.1436001|2024-02-03T14:36:47.000Z|59.6909|-136.1753|12.01|ML|1.89|50 km W of Skagway, AK/50 km O de Skagway, AK
20240203.1404001|2024-02-03T14:04:23.000Z|60.8157|-138.1977|1|ML|2.71|37 km W of Haines Junction, YT/37 km O de Haines Junction, YT
20240203.1243001|2024-02-03T12:43:58.000Z|56.6695|-122.0536|3|ML|1.4|86 km NW of Fort St. John, BC/86 km NO de Fort St. John, BC
20240203.1211001|2024-02-03T12:11:46.000Z|60.9463|-138.4413|8.68|ML|1.63|54 km NW of Haines Junction, YT/54 km NO de Haines Junction, YT
20240203.1148001|2024-02-03T11:48:19.000Z|50.3088|-132.8519|10|Mw|4.21|332 km S of Village of Queen Charlotte, BC/332 km S de Village of Queen Charlotte, BC
20240203.1140001|2024-02-03T11:40:49.000Z|50.3593|-126.2648|26.33|ML|1.39|65 km SE of Port McNeill, BC/65 km SE de Port McNeill, BC
20240203.1110001|2024-02-03T11:10:45.000Z|60.9406|-138.4577|7.52|ML|2.46|54 km SE of Burwash Landing, YT/54 km SE de Burwash Landing, YT
20240203.1026004|2024-02-03T10:26:37.000Z|47.6076|-123.4228|19.52|ML|1.84|81 km W of Seattle, Washington, USA/81 km O de Seattle, Washington, USA
20240203.0930001|2024-02-03T09:30:47.000Z|46.757|-78.8503|12.13|MN|1.67|11 km ESE of Kipawa, QC/11 km ESE de Kipawa, QC
20240203.0650001|2024-02-03T06:50:34.000Z|50.5536|-130.143|10|Mw|3.45|187 km W of Port Hardy, BC/187 km O de Port Hardy, BC
20240203.0636001|2024-02-03T06:36:33.000Z|43.3419|-78.0685|2|MN|2.05|41 km WNW of Rochester, NY/41 km ONO de Rochester, NY
20240203.0608001|2024-02-03T06:08:14.000Z|60.0889|-141.3422|4.37|ML|1.99|105 km NW of Yakutat, AK/105 km NO de Yakutat, AK
20240203.0312001|2024-02-03T03:12:39.000Z|44.9284|-66.9326|10.87|MN|2.2|20 km SSE of Saint Andrews, NB/20 km SSE de Saint Andrews, NB
20240203.0202001|2024-02-03T02:02:35.000Z|50.7081|-130.4342|10|Mw|3.69|206 km W of Port Hardy, BC/206 km O de Port Hardy, BC
20240203.0007001|2024-02-03T00:07:02.000Z|52.0568|-135.7562|10|ML|3.01|281 km SW of Village of Queen Charlotte, BC/281 km SO de Village of Queen Charlotte, BC
20240203.0004001|2024-02-03T00:04:52.000Z|49.2837|-119.5248|2.61|ML|2.33|10 km N of Oliver, BC/10 km N de Oliver, BC
20240202.2316001|2024-02-02T23:16:35.000Z|50.212|-132.5747|10|Mw|4.41|340 km S of Village of Queen Charlotte, BC/340 km S de Village of Queen Charlotte, BC
20240202.1916002|2024-02-02T19:16:32.000Z|53.2327|-132.8072|20|ML|2|47 km W of Village of Queen Charlotte, BC/47 km O de Village of Queen Charlotte, BC
20240202.1901001|2024-02-02T19:01:28.000Z|53.2249|-132.842|20|ML|2.24|50 km W of Village of Queen Charlotte, BC/50 km O de Village of Queen Charlotte, BC
20240202.1852001|2024-02-02T18:52:30.000Z|53.2327|-132.8042|20|ML|1.97|47 km W of Village of Queen Charlotte, BC/47 km O de Village of Queen Charlotte, BC
20240202.0913001|2024-02-02T09:13:36.000Z|52.0906|-132.2307|10|Mw|3.82|129 km S of Village of Queen Charlotte, BC/129 km S de Village of Queen Charlotte, BC
20240202.0337001|2024-02-02T03:37:15.000Z|54.3082|-117.6054|1|ML|2.71|53 km W of Fox Creek, AB/53 km O de Fox Creek, AB
20240202.0335001|2024-02-02T03:35:51.000Z|48.7424|-121.8643|1|ML|2.07|45 km SE of Abbotsford, BC/45 km SE de Abbotsford, BC
20240202.0109001|2024-02-02T01:09:24.000Z|53.0462|-132.7261|20|ML|2.17|48 km SW of Village of Queen Charlotte, BC/48 km SO de Village of Queen Charlotte, BC
20240201.2114001|2024-02-01T21:14:01.000Z|50.7001|-130.4204|10|Mw|3.59|206 km W of Port Hardy, BC/206 km O de Port Hardy, BC
20240201.1843001|2024-02-01T18:43:33.000Z|45.0955|-74.2575|11|MN|1.46|7 km W of Huntingdon, QC/7 km O de Huntingdon, QC
20240201.1254001|2024-02-01T12:54:11.000Z|45.103|-74.251|18.34|MN|2.47|7 km WNW of Huntingdon, QC/7 km ONO de Huntingdon, QC
20240201.1248001|2024-02-01T12:48:45.000Z|45.0998|-74.2526|15.3|MN|1.22|7 km WNW of Huntingdon, QC/7 km ONO de Huntingdon, QC
20240201.1241002|2024-02-01T12:41:52.000Z|45.1027|-74.2484|17.68|MN|2.68|7 km WNW of Huntingdon, QC, felt/7 km ONO de Huntingdon, QC, ressenti
20240201.1237003|2024-02-01T12:37:19.000Z|45.1003|-74.2528|18.22|MN|3.63|7 km WNW of Huntingdon, QC, felt/7 km ONO de Huntingdon, QC, ressenti
20240201.1123001|2024-02-01T11:23:43.000Z|48.4227|-127.7039|10|Mw|3.77|154 km SW of Tofino, BC/154 km SO de Tofino, BC
20240201.0744001|2024-02-01T07:44:19.000Z|51.2541|-130.9406|10|Mw|3.68|218 km SW of Bella Bella, BC/218 km SO de Bella Bella, BC
20240201.0703001|2024-02-01T07:03:38.000Z|47.5942|-69.9613|14.3|MN|1.31|8 km WNW of Kamouraska, QC/8 km ONO de Kamouraska, QC
20240201.0652004|2024-02-01T06:52:13.000Z|48.9262|-122.2065|36.83|ML|2.19|15 km S of Abbotsford, BC/15 km S de Abbotsford, BC
20240201.0506001|2024-02-01T05:06:32.000Z|52.6626|-132.1377|20|ML|2.37|66 km S of Village of Queen Charlotte, BC/66 km S de Village of Queen Charlotte, BC
20240131.2145001|2024-01-31T21:45:17.000Z|47.7394|-69.9802|15.14|MN|2.49|16 km NE of La Malbaie, QC/16 km NE de La Malbaie, QC
20240131.2104001|2024-01-31T21:04:27.000Z|47.7877|-70.1626|14.53|MN|1.33|15 km N of La Malbaie, QC/15 km N de La Malbaie, QC
20240131.2031001|2024-01-31T20:31:26.000Z|61.7455|-135.701|5|ML|3.16|49 km SE of Carmacks, YT/49 km SE de Carmacks, YT
20240131.1814001|2024-01-31T18:14:12.000Z|61.6119|-141.2736|9.92|ML|1.54|88 km S of Beaver Creek, YT/88 km S de Beaver Creek, YT
20240131.1730001|2024-01-31T17:30:32.000Z|50.6958|-63.2648|2|MN|1.7|19 km NE of Tio Mine, QC/19 km NE de la mine Tio, QC
20240131.1142002|2024-01-31T11:42:38.000Z|54.2938|-117.6286|2.84|ML|3.98|54 km W of Fox Creek, AB/54 km O de Fox Creek, AB
20240131.1100002|2024-01-31T11:00:13.000Z|61.2733|-141.1483|5|ML|1.65|115 km W of Burwash Landing, YT/115 km O de Burwash Landing, YT
20240131.0548001|2024-01-31T05:48:18.000Z|50.6993|-63.2664|2|MN|1.57|19 km NNE of Tio Mine, QC/19 km NNE de la mine Tio, QC
20240131.0538002|2024-01-31T05:38:11.000Z|49.637|-127.0786|19.58|ML|2.43|69 km W of Gold River, BC/69 km O de Gold River, BC
20240131.0141001|2024-01-31T01:41:57.000Z|58.4682|-137.0968|5|ML|2.72|155 km SW of Skagway, AK/155 km SO de Skagway, AK
20240131.0136001|2024-01-31T01:36:12.000Z|50.048|-130.129|10|Mw|3.27|194 km W of Port Alice, BC/194 km O de Port Alice, BC
20240131.0116001|2024-01-31T01:16:02.000Z|53.1144|-132.6733|20|ML|1.53|42 km W of Village of Queen Charlotte, BC/42 km O de Village of Queen Charlotte, BC
20240130.2123001|2024-01-30T21:23:39.000Z|49.501|-127.7324|28.86|ML|2.26|100 km S of Port Alice, BC/100 km S de Port Alice, BC
20240130.1802002|2024-01-30T18:02:16.000Z|58.4877|-136.9473|1|ML|2.65|148 km SW of Skagway, AK/148 km SO de Skagway, AK
20240130.1723001|2024-01-30T17:23:44.000Z|49.1169|-66.9256|18|MN|1.19|14 km NNE of Les Méchins, QC/14 km NNE de Les Méchins, QC
20240130.1656001|2024-01-30T16:56:35.000Z|47.1848|-70.2781|8.83|MN|1.09|4 km SSW of Saint-Jean-Port-Joli, QC/4 km SSO de Saint-Jean-Port-Joli, QC
20240130.1247001|2024-01-30T12:47:32.000Z|58.4895|-137.0302|5|ML|2.73|151 km SW of Skagway, AK/151 km SO de Skagway, AK
20240130.1214001|2024-01-30T12:14:38.000Z|52.743|-132.2902|19.36|ML|2.07|58 km S of Village of Queen Charlotte, BC/58 km S de Village of Queen Charlotte, BC
20240130.1150001|2024-01-30T11:50:40.000Z|49.1398|-67.1845|18|MN|1.17|21 km NW of Les Méchins, QC/21 km NO de Les Méchins, QC
20240130.1134001|2024-01-30T11:34:03.000Z|50.7496|-124.3147|5|ML|2.3|101 km N of Powell River, BC/101 km N de Powell River, BC
20240130.0940001|2024-01-30T09:40:02.000Z|50.7514|-124.3532|1|ML|2.86|102 km N of Powell River, BC/102 km N de Powell River, BC
20240130.0928001|2024-01-30T09:28:35.000Z|50.696|-63.2729|2|MN|1.98|19 km NNE of Tio Mine, QC/19 km NNE de la mine Tio, QC
20240130.0759001|2024-01-30T07:59:10.000Z|54.2933|-117.6508|2.26|ML|3.89|56 km W of Fox Creek, AB/56 km O de Fox Creek, AB
20240130.0727001|2024-01-30T07:27:26.000Z|58.4783|-137.0866|5|ML|2.81|154 km SW of Skagway, AK/154 km SO de Skagway, AK
20240130.0623002|2024-01-30T06:23:18.000Z|50.5343|-130.3549|10|Mw|4.51|202 km W of Port Hardy, BC/202 km O de Port Hardy, BC
20240130.0617001|2024-01-30T06:17:06.000Z|52.9457|-132.6073|20|ML|1.81|49 km SW of Village of Queen Charlotte, BC/49 km SO de Village of Queen Charlotte, BC
20240130.0425001|2024-01-30T04:25:50.000Z|58.4901|-137.0602|1|ML|2.81|151 km SW of Skagway, AK/151 km SO de Skagway, AK
20240130.0128001|2024-01-30T01:28:30.000Z|58.462|-137.1827|1|ML|2.77|158 km SW of Skagway, AK/158 km SO de Skagway, AK
20240130.0123001|2024-01-30T01:23:21.000Z|52.8597|-132.3551|20|ML|1.72|48 km S of Village of Queen Charlotte, BC/48 km S de Village of Queen Charlotte, BC
20240129.2351001|2024-01-29T23:51:00.000Z|55.9417|-120.7369|0.06|ML|2.4|35 km S of Fort St. John, BC/35 km S de Fort St. John, BC
20240129.2153002|2024-01-29T21:53:15.000Z|60.0332|-140.7161|6.67|ML|2.24|74 km NW of Yakutat, AK/74 km NO de Yakutat, AK
20240129.2119001|2024-01-29T21:19:05.000Z|50.6832|-63.2701|2|MN|1.29|18 km NE of Tio Mine, QC/18 km NE de la mine Tio, QC
20240129.2112001|2024-01-29T21:12:21.000Z|47.6204|-53.3929|18|MN|2.2|9 km WNW of Bay Roberts, NL/9 km ONO de Bay Roberts, NL
20240129.1914003|2024-01-29T19:14:48.000Z|66.7772|-135.8161|20|ML|3.96|84 km SW of Fort McPherson, NT/84 km SO de Fort McPherson, NT
20240129.1639001|2024-01-29T16:39:20.000Z|54.2607|-117.6806|8.7|ML|2.71|59 km W of Fox Creek, AB/59 km O de Fox Creek, AB
20240129.1635001|2024-01-29T16:35:15.000Z|54.2833|-117.6733|7.28|ML|3.91|58 km W of Fox Creek, AB/58 km O de Fox Creek, AB
20240129.1018001|2024-01-29T10:18:28.000Z|50.6892|-63.2861|2|MN|1.82|18 km NNE of Tio Mine, QC/18 km NNE de la mine Tio, QC
20240129.1001001|2024-01-29T10:01:03.000Z|50.7246|-63.318|2|MN|3.48|20 km NNE of Tio Mine, QC/20 km NNE de la mine Tio, QC
20240129.0954001|2024-01-29T09:54:23.000Z|50.682|-63.2619|2|MN|1.73|18 km NE of Tio Mine, QC/18 km NE de la mine Tio, QC
20240129.0833001|2024-01-29T08:33:11.000Z|48.4918|-72.0963|18|MN|1.66|10 km ESE of Roberval, QC/10 km ESE de Roberval, QC
20240129.0759001|2024-01-29T07:59:36.000Z|56.7107|-122.1355|5.49|ML|1.99|94 km NW of Fort St. John, BC/94 km NO de Fort St. John, BC
20240129.0737001|2024-01-29T07:37:44.000Z|54.2951|-117.6302|4.66|ML|3.33|55 km W of Fox Creek, AB/55 km O de Fox Creek, AB
20240129.0532001|2024-01-29T05:32:53.000Z|48.8765|-128.3508|10|Mw|3.44|180 km S of Port Alice, BC/180 km S de Port Alice, BC
20240129.0440001|2024-01-29T04:40:12.000Z|55.9564|-120.6967|2.77|ML|2.2|34 km S of Fort St. John, BC/34 km S de Fort St. John, BC
20240129.0424001|2024-01-29T04:24:53.000Z|50.1844|-123.9771|0|ML|1.54|53 km NE of Powell River, BC/53 km NE de Powell River, BC
20240129.0353001|2024-01-29T03:53:55.000Z|55.9783|-120.4273|0.07|ML|1.89|25 km NW of Dawson Creek, BC/25 km NO de Dawson Creek, BC
20240129.0342001|2024-01-29T03:42:35.000Z|54.281|-117.5993|7.67|ML|3.31|53 km W of Fox Creek, AB/53 km O de Fox Creek, AB
20240129.0143001|2024-01-29T01:43:35.000Z|54.3159|-117.5859|2.75|ML|2.94|51 km W of Fox Creek, AB/51 km O de Fox Creek, AB
20240129.0006001|2024-01-29T00:06:35.000Z|47.0114|-66.5998|5|MN|1.88|54 km NNW of Upper Miramichi, NB/54 km NNO de Upper Miramichi, NB
20240128.2229001|2024-01-28T22:29:35.000Z|49.5783|-91.9285|2|MN|2.67|27 km NW of Ignace, ON/27 km NO de Ignace, ON
20240128.1920002|2024-01-28T19:20:33.000Z|49.595|-91.8443|2|MN|1.31|24 km NW of Ignace, ON/24 km NO de Ignace, ON
20240128.1350001|2024-01-28T13:50:03.000Z|54.2873|-117.6204|4.6|ML|3.01|54 km W of Fox Creek, AB/54 km O de Fox Creek, AB
20240128.0938001|2024-01-28T09:38:28.000Z|54.3145|-117.6058|1.77|ML|3.35|52 km W of Fox Creek, AB/52 km O de Fox Creek, AB
20240128.0717001|2024-01-28T07:17:43.000Z|54.2837|-117.6177|5.64|ML|3|54 km W of Fox Creek, AB/54 km O de Fox Creek, AB
20240128.0712001|2024-01-28T07:12:03.000Z|59.8028|-139.5699|0|ML|2.2|29 km NE of Yakutat, AK/29 km NE de Yakutat, AK
20240128.0708002|2024-01-28T07:08:44.000Z|49.8368|-123.5818|0.98|ML|1.76|34 km W of Squamish, BC/34 km O de Squamish, BC
20240128.0639001|2024-01-28T06:39:32.000Z|55.9782|-120.4347|3.84|ML|2.35|25 km NW of Dawson Creek, BC/25 km NO de Dawson Creek, BC
20240128.0502001|2024-01-28T05:02:34.000Z|55.9498|-120.3968|5|ML|1.8|21 km NW of Dawson Creek, BC/21 km NO de Dawson Creek, BC
20240128.0423001|2024-01-28T04:23:04.000Z|50.5288|-130.2871|10|Mw|3.1|198 km W of Port Hardy, BC/198 km O de Port Hardy, BC
20240128.0337001|2024-01-28T03:37:23.000Z|54.2724|-117.5995|5.65|ML|3.05|53 km W of Fox Creek, AB/53 km O de Fox Creek, AB
20240128.0333001|2024-01-28T03:33:16.000Z|55.9654|-120.4163|3.04|ML|1.97|24 km NW of Dawson Creek, BC/24 km NO de Dawson Creek, BC
20240128.0033001|2024-01-28T00:33:53.000Z|49.7312|-123.5951|6.3|ML|2.24|30 km NE of Sechelt, BC/30 km NE de Sechelt, BC
20240128.0000001|2024-01-28T00:00:00.000Z|52.5926|-132.0166|20|ML|1.65|74 km S of Village of Queen Charlotte, BC/74 km S de Village of Queen Charlotte, BC
20240127.2329001|2024-01-27T23:29:19.000Z|55.539|-122.0644|2.59|ML|2.61|30 km SW of Chetwynd, BC/30 km SO de Chetwynd, BC
20240127.2321001|2024-01-27T23:21:29.000Z|54.2846|-117.6181|5.32|ML|2.69|54 km W of Fox Creek, AB/54 km O de Fox Creek, AB
20240127.2128001|2024-01-27T21:28:37.000Z|50.4713|-121.0688|0|ML|1.71|31 km SE of Ashcroft, BC/31 km SE de Ashcroft, BC
20240127.2050001|2024-01-27T20:50:09.000Z|54.2845|-117.6263|5.12|ML|3.5|54 km W of Fox Creek, AB/54 km O de Fox Creek, AB
20240127.1942001|2024-01-27T19:42:33.000Z|55.9803|-120.4035|1|ML|2.43|25 km NW of Dawson Creek, BC/25 km NO de Dawson Creek, BC
20240127.1825002|2024-01-27T18:25:30.000Z|46.4657|-76.3757|18|MN|1.3|25 km WNW of Kitigan Zibi, QC/25 km ONO de Kitigan Zibi, QC
20240127.1423001|2024-01-27T14:23:08.000Z|54.2771|-117.6553|4.36|ML|3.45|57 km W of Fox Creek, AB/57 km O de Fox Creek, AB
20240127.1336002|2024-01-27T13:36:07.000Z|60.0249|-140.1096|14.88|ML|2.15|54 km N of Yakutat, AK/54 km N de Yakutat, AK
20240127.1226001|2024-01-27T12:26:45.000Z|54.2917|-117.6157|1.78|ML|2.55|54 km W of Fox Creek, AB/54 km O de Fox Creek, AB
20240127.1023001|2024-01-27T10:23:48.000Z|59.7838|-136.8412|20|ML|1.52|89 km W of Skagway, AK/89 km O de Skagway, AK
20240127.1010001|2024-01-27T10:10:25.000Z|56.9209|-122.1908|6.38|ML|1.77|111 km NW of Fort St. John, BC/111 km NO de Fort St. John, BC
20240127.0858002|2024-01-27T08:58:33.000Z|48.6666|-123.0363|18.27|ML|2.22|27 km E of Sidney, BC/27 km E de Sidney, BC
20240127.0708001|2024-01-27T07:08:07.000Z|54.2866|-117.6015|4.7|ML|3.34|53 km W of Fox Creek, AB/53 km O de Fox Creek, AB
20240127.0707001|2024-01-27T07:07:39.000Z|54.2875|-117.6491|5.45|ML|2.19|56 km W of Fox Creek, AB/56 km O de Fox Creek, AB
20240127.0554002|2024-01-27T05:54:24.000Z|70.4024|-70.961|18|MN|2.48|88 km W of Clyde River, NU/88 km O de Clyde River, NU
20240127.0535001|2024-01-27T05:35:03.000Z|56.7183|-122.027|8.33|ML|2.35|88 km NW of Fort St. John, BC/88 km NO de Fort St. John, BC
20240127.0503001|2024-01-27T05:03:36.000Z|56.7667|-121.8933|6.31|ML|2.64|85 km NW of Fort St. John, BC/85 km NO de Fort St. John, BC
20240127.0346001|2024-01-27T03:46:44.000Z|56.7011|-122.0498|10.62|ML|2.57|88 km NW of Fort St. John, BC/88 km NO de Fort St. John, BC
20240127.0231001|2024-01-27T02:31:27.000Z|44.5899|-65.2626|5|MN|1.99|28 km S of Bridgetown, NS/28 km S de Bridgetown, NS
20240127.0152001|2024-01-27T01:52:43.000Z|54.2934|-117.6194|6.94|ML|2.79|54 km W of Fox Creek, AB/54 km O de Fox Creek, AB
20240127.0056002|2024-01-27T00:56:55.000Z|54.2905|-117.6167|6.94|ML|3.1|54 km W of Fox Creek, AB/54 km O de Fox Creek, AB
20240127.0054001|2024-01-27T00:54:19.000Z|54.3118|-117.6005|4.07|ML|2.4|52 km W of Fox Creek, AB/52 km O de Fox Creek, AB
20240127.0006002|2024-01-27T00:06:42.000Z|50.655|-62.224|18|MN|1.65|50 km NNW of Aguanish, QC/50 km NNO de Aguanish, QC
20240126.2210001|2024-01-26T22:10:47.000Z|49.8391|-123.5703|5|ML|1.43|33 km W of Squamish, BC/33 km O de Squamish, BC
20240126.2025001|2024-01-26T20:25:51.000Z|48.7575|-129.0226|10|Mw|3.38|214 km SW of Port Alice, BC/214 km SO de Port Alice, BC
20240126.2008001|2024-01-26T20:08:00.000Z|49.8335|-123.564|4.77|ML|1.97|32 km W of Squamish, BC/32 km O de Squamish, BC
20240126.1852003|2024-01-26T18:52:57.000Z|49.8398|-123.5767|5|ML|1.52|33 km W of Squamish, BC/33 km O de Squamish, BC
20240126.1848001|2024-01-26T18:48:00.000Z|49.8374|-123.5744|3.5|ML|2|33 km W of Squamish, BC/33 km O de Squamish, BC
20240126.1844001|2024-01-26T18:44:26.000Z|49.8343|-123.5758|4.67|ML|1.81|33 km W of Squamish, BC/33 km O de Squamish, BC
20240126.1750002|2024-01-26T17:50:27.000Z|49.8391|-123.5711|5|ML|1.79|33 km W of Squamish, BC/33 km O de Squamish, BC
20240126.1730001|2024-01-26T17:30:36.000Z|49.8407|-123.5844|5|ML|1.61|34 km NW of Squamish, BC/34 km NO de Squamish, BC
20240126.1729002|2024-01-26T17:29:27.000Z|49.8425|-123.571|5|ML|1.47|34 km NW of Squamish, BC/34 km NO de Squamish, BC
20240126.1726001|2024-01-26T17:26:57.000Z|49.8301|-123.5648|5|ML|1.24|32 km W of Squamish, BC/32 km O de Squamish, BC
20240126.1723004|2024-01-26T17:23:57.000Z|49.8388|-123.577|5.58|ML|2.43|33 km W of Squamish, BC/33 km O de Squamish, BC
20240126.1722001|2024-01-26T17:22:19.000Z|49.8435|-123.5676|5|ML|1.3|33 km NW of Squamish, BC/33 km NO de Squamish, BC
20240126.1716002|2024-01-26T17:16:19.000Z|49.8484|-123.5732|5|ML|1.69|34 km NW of Squamish, BC/34 km NO de Squamish, BC
20240126.1713001|2024-01-26T17:13:18.000Z|49.8309|-123.5655|5|ML|1.72|32 km W of Squamish, BC/32 km O de Squamish, BC
20240126.1711004|2024-01-26T17:11:07.000Z|49.8383|-123.5823|7.1|ML|3.19|34 km W of Squamish, BC/34 km O de Squamish, BC
20240126.1707001|2024-01-26T17:07:43.000Z|49.8361|-123.5767|5|ML|1.4|33 km W of Squamish, BC/33 km O de Squamish, BC
20240126.1703001|2024-01-26T17:03:59.000Z|49.8349|-123.577|5.86|ML|1.6|33 km W of Squamish, BC/33 km O de Squamish, BC
20240126.1648002|2024-01-26T16:48:06.000Z|49.8412|-123.5763|4.76|ML|1.91|34 km NW of Squamish, BC/34 km NO de Squamish, BC
20240126.1639002|2024-01-26T16:39:13.000Z|50.8147|-130.3885|10|Mw|3.24|203 km W of Port Hardy, BC/203 km O de Port Hardy, BC
20240126.1630002|2024-01-26T16:30:33.000Z|49.8364|-123.5701|4.52|ML|2.01|33 km W of Squamish, BC/33 km O de Squamish, BC
20240126.1626004|2024-01-26T16:26:53.000Z|49.8393|-123.5777|4.84|ML|2.88|33 km W of Squamish, BC/33 km O de Squamish, BC
20240126.0738001|2024-01-26T07:38:47.000Z|60.8335|-138.1749|2.41|ML|3.65|37 km W of Haines Junction, YT/37 km O de Haines Junction, YT
20240126.0219001|2024-01-26T02:19:21.000Z|54.2601|-117.595|6.28|ML|2.05|53 km W of Fox Creek, AB/53 km O de Fox Creek, AB
20240125.2349001|2024-01-25T23:49:18.000Z|54.2747|-117.6004|5.85|ML|2.91|54 km W of Fox Creek, AB/54 km O de Fox Creek, AB
20240125.2243002|2024-01-25T22:43:56.000Z|45.1266|-74.664|13.54|MN|1.4|12 km NNE of Cornwall, ON/12 km NNE de Cornwall, ON
20240125.2036001|2024-01-25T20:36:35.000Z|60.0506|-139.2561|8.95|ML|2.6|61 km NE of Yakutat, AK/61 km NE de Yakutat, AK
20240125.2034001|2024-01-25T20:34:34.000Z|60.0477|-139.2479|12.57|ML|2.82|61 km NE of Yakutat, AK/61 km NE de Yakutat, AK
20240125.2031001|2024-01-25T20:31:15.000Z|52.7177|-132.2314|20|ML|1.73|61 km S of Village of Queen Charlotte, BC/61 km S de Village of Queen Charlotte, BC
20240125.2025002|2024-01-25T20:25:17.000Z|60.0544|-139.2873|13.67|ML|2.88|61 km NE of Yakutat, AK/61 km NE de Yakutat, AK
20240125.1955001|2024-01-25T19:55:34.000Z|60.0547|-139.2928|9.05|ML|2.58|60 km NE of Yakutat, AK/60 km NE de Yakutat, AK
20240125.1112001|2024-01-25T11:12:11.000Z|49.1629|-92.0319|5|MN|1.15|39 km SW of Ignace, ON/39 km SO de Ignace, ON
20240125.1016001|2024-01-25T10:16:50.000Z|49.5209|-127.5481|10|Mw|2.55|96 km S of Port Alice, BC/96 km S de Port Alice, BC
20240125.0955001|2024-01-25T09:55:07.000Z|66.2028|-135.4243|10|ML|3.82|140 km S of Fort McPherson, NT/140 km S de Fort McPherson, NT
20240125.0911001|2024-01-25T09:11:37.000Z|53.0359|-132.7588|19.93|ML|2.55|51 km SW of Village of Queen Charlotte, BC/51 km SO de Village of Queen Charlotte, BC
20240125.0735001|2024-01-25T07:35:00.000Z|52.177|-132.1111|20|ML|2.3|120 km S of Village of Queen Charlotte, BC/120 km S de Village of Queen Charlotte, BC
20240125.0523001|2024-01-25T05:23:24.000Z|54.2797|-117.6282|5.81|ML|2.66|55 km W of Fox Creek, AB/55 km O de Fox Creek, AB
20240125.0328001|2024-01-25T03:28:32.000Z|47.494|-69.9579|6.92|MN|1.08|10 km N of Saint-Pacôme, QC/10 km N de Saint-Pacôme, QC
20240125.0301001|2024-01-25T03:01:19.000Z|60.074|-141.0046|9.05|ML|1.84|89 km NW of Yakutat, AK/89 km NO de Yakutat, AK
20240125.0207002|2024-01-25T02:07:12.000Z|44.7059|-73.9033|5|MN|1.4|35 km W of Plattsburg, NY/35 km O de Plattsburg, NY
20240125.0125001|2024-01-25T01:25:44.000Z|54.2758|-117.6413|4.34|ML|2.61|56 km W of Fox Creek, AB/56 km O de Fox Creek, AB
20240125.0027001|2024-01-25T00:27:59.000Z|46.7487|-79.0256|18|MN|1.62|7 km ENE of Témiscaming, QC/7 km ENE de Témiscaming, QC
20240124.1858001|2024-01-24T18:58:22.000Z|64.533|-134.3384|10|ML|2.84|83 km NE of Keno, YT/83 km NE de Keno, YT
20240124.1622004|2024-01-24T16:22:41.000Z|59.5303|-138.9237|1|ML|2.58|47 km E of Yakutat, AK/47 km E de Yakutat, AK
20240124.1116001|2024-01-24T11:16:31.000Z|61.1732|-139.1014|10.91|ML|1.08|21 km S of Burwash Landing, YT/21 km S de Burwash Landing, YT
20240124.0716004|2024-01-24T07:16:50.000Z|60.2958|-141.9921|1|ML|2.37|148 km NW of Yakutat, AK/148 km NO de Yakutat, AK
20240124.0301001|2024-01-24T03:01:13.000Z|61.3976|-140.2777|5|ML|1.47|68 km W of Burwash Landing, YT/68 km O de Burwash Landing, YT
20240124.0227001|2024-01-24T02:27:51.000Z|55.5043|-133.9438|10|ML|2.65|141 km SW of Wrangell, AK/141 km SO de Wrangell, AK
20240124.0129001|2024-01-24T01:29:15.000Z|60.2714|-138.2663|1|ML|1.81|67 km SW of Haines Junction, YT/67 km SO de Haines Junction, YT
20240124.0123002|2024-01-24T01:23:40.000Z|72.2984|-75.9761|18|MN|2.17|80 km ESE of Pond Inlet, NU/80 km ESE de Pond Inlet, NU
20240123.2202001|2024-01-23T22:02:38.000Z|52.8229|-132.0038|16.32|ML|1.35|48 km S of Village of Queen Charlotte, BC/48 km S de Village of Queen Charlotte, BC
20240123.2056001|2024-01-23T20:56:54.000Z|48.0755|-123.8317|10.45|ML|1.37|36 km S of Sooke, BC/36 km S de Sooke, BC
20240123.1748001|2024-01-23T17:48:54.000Z|48.1876|-124.8304|22.1|ML|1.62|51 km SW of Port Renfrew, BC/51 km SO de Port Renfrew, BC
20240123.1632001|2024-01-23T16:32:16.000Z|46.9655|-78.0615|18|MN|1.64|56 km E of Hunter's Point, QC/56 km E de Hunter's Point, QC
20240123.1525001|2024-01-23T15:25:32.000Z|49.8186|-123.5763|11.58|ML|1.61|32 km W of Squamish, BC/32 km O de Squamish, BC
20240123.1201001|2024-01-23T12:01:51.000Z|72.8806|-74.3668|18|MN|2.41|120 km ENE of Pond Inlet, NU/120 km ENE de Pond Inlet, NU
20240123.0838001|2024-01-23T08:38:56.000Z|49.5896|-126.9305|31.9|ML|1.83|59 km W of Gold River, BC/59 km O de Gold River, BC
20240123.0345001|2024-01-23T03:45:45.000Z|48.956|-128.6406|10|ML|2.46|181 km SW of Port Alice, BC/181 km SO de Port Alice, BC
20240123.0343001|2024-01-23T03:43:27.000Z|50.3619|-130.0307|10|Mw|3.06|183 km W of Port Alice, BC/183 km O de Port Alice, BC
20240123.0322001|2024-01-23T03:22:14.000Z|50.4193|-130.0188|10|Mw|3.15|181 km W of Port Hardy, BC/181 km O de Port Hardy, BC
20240123.0013001|2024-01-23T00:13:33.000Z|58.1405|-137.5796|5|ML|2.42|175 km NW of Sitka, Alaska, USA/175 km NO de Sitka, Alaska, USA
20240122.2342001|2024-01-22T23:42:03.000Z|52.6083|-132.0758|24.29|ML|1.63|72 km S of Village of Queen Charlotte, BC/72 km S de Village of Queen Charlotte, BC
20240122.2341002|2024-01-22T23:41:25.000Z|60.0883|-140.95|13.95|ML|2.49|88 km NW of Yakutat, AK/88 km NO de Yakutat, AK
20240122.2221002|2024-01-22T22:21:23.000Z|47.5427|-69.9217|8.82|MN|1.29|5 km WSW of Kamouraska, QC/5 km OSO de Kamouraska, QC
20240122.2032002|2024-01-22T20:32:52.000Z|48.2233|-124.8791|18.41|ML|2.46|49 km SW of Port Renfrew, BC/49 km SO de Port Renfrew, BC
20240122.1902002|2024-01-22T19:02:36.000Z|60.1789|-141.2021|16.9|ML|3.88|105 km NW of Yakutat, AK/105 km NO de Yakutat, AK
20240122.1759001|2024-01-22T17:59:25.000Z|49.5248|-126.9637|19.26|ML|2.2|63 km W of Gold River, BC/63 km O de Gold River, BC
20240122.1606001|2024-01-22T16:06:36.000Z|59.8214|-141.8399|1|ML|1.78|120 km W of Yakutat, AK/120 km O de Yakutat, AK
20240122.1352002|2024-01-22T13:52:41.000Z|60.1799|-141.2052|20.76|ML|2|105 km NW of Yakutat, AK/105 km NO de Yakutat, AK
20240122.1335001|2024-01-22T13:35:05.000Z|52.6262|-132.0085|20|ML|2.32|70 km S of Village of Queen Charlotte, BC/70 km S de Village of Queen Charlotte, BC
20240122.1008002|2024-01-22T10:08:13.000Z|49.0198|-90.723|2|MN|1.9|71 km ENE of Atikokan, ON/71 km ENE de Atikokan, ON
20240122.0546002|2024-01-22T05:46:52.000Z|59.79|-138.1018|5|ML|3.03|97 km E of Yakutat, AK/97 km E de Yakutat, AK
20240122.0513002|2024-01-22T05:13:44.000Z|45.962|-66.0201|2|MN|1.84|5 km ESE of Canning, NB/5 km ESE de Canning, NB
20240122.0502001|2024-01-22T05:02:27.000Z|51.1337|-124.4404|5|ML|2.2|136 km NE of Campbell River, BC/136 km NE de Campbell River, BC
20240122.0442001|2024-01-22T04:42:22.000Z|59.7921|-138.0924|1|ML|2.09|97 km E of Yakutat, AK/97 km E de Yakutat, AK
20240122.0238001|2024-01-22T02:38:02.000Z|47.348|-77.8111|18|MN|1.74|48 km SW of Kitcisakik, QC/48 km SO de Kitcisakik, QC
20240122.0158001|2024-01-22T01:58:32.000Z|47.5605|-69.9624|15.1|MN|1|7 km W of Kamouraska, QC/7 km O de Kamouraska, QC
20240122.0055002|2024-01-22T00:55:43.000Z|60.0767|-140.9735|9.19|ML|1.85|88 km NW of Yakutat, AK/88 km NO de Yakutat, AK
20240122.0048001|2024-01-22T00:48:43.000Z|50.5696|-130.2401|10|Mw|3.58|194 km W of Port Hardy, BC/194 km O de Port Hardy, BC
20240121.2123001|2024-01-21T21:23:20.000Z|47.3176|-70.4212|9.07|MN|1.12|8 km S of Saint-Louis-de-l'Isle-aux-Coudres, QC/8 km S de Saint-Louis-de-l'Isle-aux-Coudres, QC
20240121.2025002|2024-01-21T20:25:42.000Z|49.1332|-67.7124|18|MN|1.14|22 km SSW of Godbout, QC/22 km SSO de Godbout, QC
20240121.2019003|2024-01-21T20:19:11.000Z|61.404|-140.2286|4.46|ML|1.99|65 km W of Burwash Landing, YT/65 km O de Burwash Landing, YT
20240121.2004001|2024-01-21T20:04:27.000Z|49.5292|-66.7027|18|MN|1.48|46 km NNW of Sainte-Anne-des-Monts, QC/46 km NNO de Sainte-Anne-des-Monts, QC
20240121.1542001|2024-01-21T15:42:14.000Z|56.6451|-122.1504|13.61|ML|2.26|91 km NW of Fort St. John, BC/91 km NO de Fort St. John, BC
20240121.1502001|2024-01-21T15:02:47.000Z|51.369|-131.245|10|Mw|3.36|218 km S of Village of Queen Charlotte, BC/218 km S de Village of Queen Charlotte, BC
20240121.1443001|2024-01-21T14:43:00.000Z|71.7003|-70.0274|18|ML|2.83|146 km NNW of Clyde River, NU/146 km NNO de Clyde River, NU
20240121.1403002|2024-01-21T14:03:41.000Z|55.0378|-134.6917|10|ML|2.83|196 km W of Ketchikan, AK/196 km O de Ketchikan, AK
20240121.1353001|2024-01-21T13:53:31.000Z|54.9988|-135.5711|10|ML|2.95|230 km S of Sitka, AK/230 km S de Sitka, AK
20240121.0846001|2024-01-21T08:46:03.000Z|55.8691|-120.4867|4.16|ML|2.17|18 km NW of Dawson Creek, BC/18 km NO de Dawson Creek, BC
20240121.0718001|2024-01-21T07:18:31.000Z|50.165|-123.7934|1|ML|1.94|60 km W of Whistler, BC/60 km O de Whistler, BC
20240121.0649002|2024-01-21T06:49:43.000Z|49.1641|-92.0279|2|MN|1.31|39 km SW of Ignace, ON/39 km SO de Ignace, ON
20240121.0527002|2024-01-21T05:27:44.000Z|49.5777|-127.6742|10|Mw|2.54|91 km S of Port Alice, BC/91 km S de Port Alice, BC
20240121.0515001|2024-01-21T05:15:39.000Z|56.7226|-122.0888|10|ML|1.64|92 km NW of Fort St. John, BC/92 km NO de Fort St. John, BC
20240121.0324001|2024-01-21T03:24:40.000Z|59.8825|-136.8581|15|ML|1.49|94 km NW of Skagway, AK/94 km NO de Skagway, AK
20240121.0321001|2024-01-21T03:21:04.000Z|50.5535|-130.2011|10|Mw|2.97|191 km W of Port Hardy, BC/191 km O de Port Hardy, BC
20240121.0247001|2024-01-21T02:47:11.000Z|50.1044|-63.1141|18|MN|1.22|30 km SW of Baie-Johan-Beetz, QC/30 km SO de Baie-Johan-Beetz, QC
20240121.0230001|2024-01-21T02:30:14.000Z|52.8059|-132.4417|12.43|ML|1.52|55 km SW of Village of Queen Charlotte, BC/55 km SO de Village of Queen Charlotte, BC
20240121.0208004|2024-01-21T02:08:29.000Z|48.829|-125.7265|28.49|ML|2.15|17 km SW of Ucluelet, BC/17 km SO de Ucluelet, BC
20240121.0205002|2024-01-21T02:05:07.000Z|43.2141|-76.1112|5|MN|1.96|19 km N of Syracuse, NY/19 km N de Syracuse, NY
20240121.0204001|2024-01-21T02:04:51.000Z|59.897|-136.7813|7.02|ML|2.46|91 km NW of Skagway, AK/91 km NO de Skagway, AK
20240121.0132003|2024-01-21T01:32:46.000Z|60.1192|-140.9301|13.82|ML|1.76|89 km NW of Yakutat, AK/89 km NO de Yakutat, AK
20240121.0132001|2024-01-21T01:32:17.000Z|52.9477|-132.6059|20|ML|1.36|49 km SW of Village of Queen Charlotte, BC/49 km SO de Village of Queen Charlotte, BC
20240121.0130002|2024-01-21T01:30:26.000Z|61.2694|-141.6516|1|ML|1.64|131 km S of Beaver Creek, YT/131 km S de Beaver Creek, YT
20240121.0121001|2024-01-21T01:21:37.000Z|51.3658|-131.2837|10|Mw|3.22|217 km S of Village of Queen Charlotte, BC/217 km S de Village of Queen Charlotte, BC
20240120.2336001|2024-01-20T23:36:24.000Z|44.7005|-56.1715|18|ML|3.39|284 km SSW of Marystown, NL/284 km SSO de Marystown, NL
20240120.2210001|2024-01-20T22:10:58.000Z|49.1186|-113.362|20|ML|2.76|10 km SW of Cardston, AB/10 km SO de Cardston, AB
20240120.2125002|2024-01-20T21:25:37.000Z|47.6072|-121.8098|16.05|ML|2.21|39 km E of Seattle  , WA/39 km E de Seattle  , WA
20240120.2054002|2024-01-20T20:54:01.000Z|61.2578|-140.729|1.91|ML|2.39|93 km W of Burwash Landing, YT/93 km O de Burwash Landing, YT
20240120.1717001|2024-01-20T17:17:40.000Z|52.5031|-131.9571|20|ML|2.01|84 km S of Village of Queen Charlotte, BC/84 km S de Village of Queen Charlotte, BC
20240120.1545002|2024-01-20T15:45:33.000Z|47.4593|-122.3553|24.49|ML|2.61|12 km S of Seattle  , WA/12 km S de Seattle  , WA
20240120.1524001|2024-01-20T15:24:21.000Z|53.8776|-132.2959|20.76|ML|1.94|18 km SW of Masset, BC/18 km SO de Masset, BC
20240120.1419002|2024-01-20T14:19:45.000Z|47.0239|-66.6182|5|MN|1.78|48 km ESE of Riley Brook, NB/48 km ESE de Riley Brook, NB
20240120.1222001|2024-01-20T12:22:04.000Z|52.4945|-131.9698|20|ML|1.94|85 km S of Village of Queen Charlotte, BC/85 km S de Village of Queen Charlotte, BC
20240120.1050002|2024-01-20T10:50:38.000Z|45.3685|-72.6482|9.78|MN|2.35|1 km SE of Val-Maher, QC, felt/1 km SE de Val-Maher, QC, ressenti
20240120.1000001|2024-01-20T10:00:38.000Z|49.0012|-128.5835|10|Mw|3.37|174 km SW of Port Alice, BC/174 km SO de Port Alice, BC
20240120.0943001|2024-01-20T09:43:08.000Z|54.2719|-117.6248|3.75|ML|3.44|55 km W of Fox Creek, AB/55 km O de Fox Creek, AB
20240120.0854001|2024-01-20T08:54:23.000Z|48.2496|-124.8433|27.87|ML|1.96|46 km SW of Port Renfrew, BC/46 km SO de Port Renfrew, BC
20240120.0852001|2024-01-20T08:52:33.000Z|48.2354|-124.8695|23.8|ML|1.94|48 km SW of Port Renfrew, BC/48 km SO de Port Renfrew, BC
20240120.0824001|2024-01-20T08:24:14.000Z|52.7554|-132.29|16.32|ML|2.02|57 km S of Village of Queen Charlotte, BC/57 km S de Village of Queen Charlotte, BC
20240120.0312001|2024-01-20T03:12:49.000Z|48.1935|-124.8879|1|ML|1.89|52 km SW of Port Renfrew, BC/52 km SO de Port Renfrew, BC
20240120.0250002|2024-01-20T02:50:06.000Z|44.6084|-74.6524|5|MN|1.69|47 km S of Cornwall, ON/47 km S de Cornwall, ON
20240120.0214001|2024-01-20T02:14:02.000Z|59.9901|-139.6608|0|ML|1.9|48 km N of Yakutat, AK/48 km N de Yakutat, AK
20240120.0108002|2024-01-20T01:08:47.000Z|54.2669|-117.6337|4.71|ML|2.76|56 km W of Fox Creek, AB/56 km O de Fox Creek, AB
20240120.0053001|2024-01-20T00:53:59.000Z|51.9554|-131.4417|16.4|ML|2.42|151 km S of Village of Queen Charlotte, BC/151 km S de Village of Queen Charlotte, BC
20240119.2013001|2024-01-19T20:13:23.000Z|47.8186|-122.7388|40.68|ML|1.93|36 km NW of Seattle, Washington, USA/36 km NO de Seattle, Washington, USA
20240119.1940002|2024-01-19T19:40:02.000Z|52.6115|-132.0916|23.26|ML|2.23|71 km S of Village of Queen Charlotte, BC/71 km S de Village of Queen Charlotte, BC
20240119.1730001|2024-01-19T17:30:10.000Z|56.8909|-122.3241|10.61|ML|2.43|115 km NW of Fort St. John, BC/115 km NO de Fort St. John, BC
20240119.1349001|2024-01-19T13:49:33.000Z|50.5355|-130.2274|10|Mw|3.44|193 km W of Port Hardy, BC/193 km O de Port Hardy, BC
20240119.1214001|2024-01-19T12:14:49.000Z|56.8565|-122.2995|8.99|ML|1.83|110 km NW of Fort St. John, BC/110 km NO de Fort St. John, BC
20240119.0908001|2024-01-19T09:08:52.000Z|53.2758|-133.1008|20|ML|2.03|67 km W of Village of Queen Charlotte, BC/67 km O de Village of Queen Charlotte, BC
20240119.0851001|2024-01-19T08:51:25.000Z|49.5537|-68.1909|18|MN|1.6|41 km N of Hauterive, QC/41 km N de Hauterive, QC
20240119.0815001|2024-01-19T08:15:53.000Z|52.7582|-132.3066|20|ML|1.78|57 km S of Village of Queen Charlotte, BC/57 km S de Village of Queen Charlotte, BC
20240119.0806002|2024-01-19T08:06:56.000Z|52.4207|-131.8633|23.42|ML|2.55|94 km S of Village of Queen Charlotte, BC/94 km S de Village of Queen Charlotte, BC
20240119.0704001|2024-01-19T07:04:11.000Z|52.978|-132.5349|20|ML|1.86|43 km SW of Village of Queen Charlotte, BC/43 km SO de Village of Queen Charlotte, BC
20240119.0435001|2024-01-19T04:35:53.000Z|52.9502|-132.6006|20|ML|1.69|48 km SW of Village of Queen Charlotte, BC/48 km SO de Village of Queen Charlotte, BC
20240119.0428001|2024-01-19T04:28:22.000Z|61.1158|-140.0054|1|ML|1.61|60 km SW of Burwash Landing, YT/60 km SO de Burwash Landing, YT
20240119.0403002|2024-01-19T04:03:36.000Z|71.1539|-85.3064|18|MN|2.49|209 km S of Arctic Bay, NU/209 km S de Arctic Bay, NU
20240119.0350001|2024-01-19T03:50:40.000Z|52.9615|-132.6007|20|ML|1.98|47 km SW of Village of Queen Charlotte, BC/47 km SO de Village of Queen Charlotte, BC
20240118.1531002|2024-01-18T15:31:46.000Z|54.0572|-135.6938|10|ML|2.95|231 km W of Masset, BC/231 km O de Masset, BC
20240118.1302001|2024-01-18T13:02:18.000Z|59.8337|-136.6885|2.52|ML|2.14|83 km NW of Skagway, AK/83 km NO de Skagway, AK
20240118.1126001|2024-01-18T11:26:19.000Z|67.2134|-139.4679|10|ML|2.89|43 km S of Old Crow, YT/43 km S de Old Crow, YT
20240118.1059001|2024-01-18T10:59:40.000Z|54.1507|-135.8553|10|ML|3.03|242 km W of Masset, BC/242 km O de Masset, BC
20240118.0934002|2024-01-18T09:34:11.000Z|53.444|-134.3756|10|ML|3.09|147 km W of Port Clements, BC/147 km O de Port Clements, BC
20240118.0856001|2024-01-18T08:56:19.000Z|58.7667|-134.7648|1|ML|1.73|54 km N of Juneau, AK/54 km N de Juneau, AK
20240118.0640001|2024-01-18T06:40:26.000Z|55.8866|-120.517|1|ML|1.65|21 km NW of Dawson Creek, BC/21 km NO de Dawson Creek, BC
20240118.0612001|2024-01-18T06:12:44.000Z|52.7114|-132.7623|20|ML|1.77|75 km SW of Village of Queen Charlotte, BC/75 km SO de Village of Queen Charlotte, BC
20240118.0528001|2024-01-18T05:28:58.000Z|49.9499|-127.847|32.2|ML|1.65|56 km SW of Port Alice, BC/56 km SO de Port Alice, BC
20240118.0407001|2024-01-18T04:07:27.000Z|52.6584|-132.1672|20|ML|1.7|67 km S of Village of Queen Charlotte, BC/67 km S de Village of Queen Charlotte, BC
20240118.0347002|2024-01-18T03:47:40.000Z|48.2207|-122.7447|57.72|ML|3.15|52 km SE of Victoria, BC/52 km SE de Victoria, BC
20240118.0010002|2024-01-18T00:10:26.000Z|49.6776|-123.3826|1|ML|1.62|18 km W of Squamish, BC/18 km O de Squamish, BC
20240117.1754001|2024-01-17T17:54:39.000Z|52.6692|-133.3248|22.83|ML|2.15|106 km SW of Village of Queen Charlotte, BC/106 km SO de Village of Queen Charlotte, BC
20240117.1225001|2024-01-17T12:25:06.000Z|65.0949|-133.9786|10|ML|3.53|146 km NE of Keno, YT/146 km NE de Keno, YT
20240117.1215001|2024-01-17T12:15:15.000Z|71.0872|-73.6564|18|MN|2.47|198 km WNW of Clyde River, NU/198 km ONO de Clyde River, NU
20240117.0908004|2024-01-17T09:08:15.000Z|56.3166|-135.733|10|ML|4.19|86 km S of Sitka, AK/86 km S de Sitka, AK
20240117.0712002|2024-01-17T07:12:46.000Z|48.1805|-124.8958|20|ML|1.73|54 km SW of Port Renfrew, BC/54 km SO de Port Renfrew, BC
20240117.0614001|2024-01-17T06:14:18.000Z|47.6013|-70.1739|12.92|MN|1.15|6 km SSW of La Malbaie, QC/6 km SSO de La Malbaie, QC
20240117.0444006|2024-01-17T04:44:17.000Z|48.2105|-124.8859|20|ML|1.68|51 km SW of Port Renfrew, BC/51 km SO de Port Renfrew, BC
20240117.0421004|2024-01-17T04:21:12.000Z|48.4063|-125.1658|20|ML|1.62|48 km S of Bamfield, BC/48 km S de Bamfield, BC
20240117.0236002|2024-01-17T02:36:52.000Z|72.2848|-70.6941|18|ML|2.75|215 km NNW of Clyde River, NU/215 km NNO de Clyde River, NU
20240117.0234001|2024-01-17T02:34:31.000Z|61.4623|-140.9306|18.24|ML|2.3|102 km S of Beaver Creek, YT/102 km S de Beaver Creek, YT
20240117.0124001|2024-01-17T01:24:33.000Z|45.8549|-69.0199|5|MN|1.64|96 km WSW of Houlton, ME/96 km OSO de Houlton, ME
20240117.0108001|2024-01-17T01:08:49.000Z|54.6116|-129.2225|5|ML|2.36|41 km W of Terrace, BC/41 km O de Terrace, BC
20240116.2305001|2024-01-16T23:05:24.000Z|48.163|-124.8494|20|ML|1.55|53 km SW of Port Renfrew, BC/53 km SO de Port Renfrew, BC
20240116.2304002|2024-01-16T23:04:05.000Z|48.6382|-124.8834|20|ML|1|29 km SE of Bamfield, BC/29 km SE de Bamfield, BC
20240116.2253001|2024-01-16T22:53:52.000Z|48.2226|-124.8347|28.53|ML|1.52|47 km SW of Port Renfrew, BC/47 km SO de Port Renfrew, BC
20240116.2241004|2024-01-16T22:41:52.000Z|48.1859|-124.8624|20|ML|1.7|52 km SW of Port Renfrew, BC/52 km SO de Port Renfrew, BC
20240116.2224006|2024-01-16T22:24:01.000Z|48.2277|-124.8653|26.77|ML|2.86|49 km SW of Port Renfrew, BC/49 km SO de Port Renfrew, BC
20240116.2128001|2024-01-16T21:28:40.000Z|59.0512|-136.4296|1|ML|2.09|80 km SW of Skagway, AK/80 km SO de Skagway, AK
20240116.1939001|2024-01-16T19:39:20.000Z|59.4425|-136.7309|10.92|ML|1.99|79 km W of Skagway, AK/79 km O de Skagway, AK
20240116.1822001|2024-01-16T18:22:08.000Z|66.1218|-135.0763|5|ML|2.64|147 km S of Fort McPherson, NT/147 km S de Fort McPherson, NT
20240116.1817001|2024-01-16T18:17:58.000Z|53.9194|-132.4821|13.81|ML|2.1|24 km SW of Masset, BC/24 km SO de Masset, BC
20240116.1739001|2024-01-16T17:39:39.000Z|41.7875|-81.0423|5|MN|2.5|65 km ENE of Cleveland, OH/65 km ENE de Cleveland, OH
20240116.1735001|2024-01-16T17:35:58.000Z|49.2167|-127.8471|10|Mw|2.76|133 km S of Port Alice, BC/133 km S de Port Alice, BC
20240116.1625002|2024-01-16T16:25:01.000Z|61.4096|-140.037|1|ML|2.52|55 km W of Burwash Landing, YT/55 km O de Burwash Landing, YT
20240116.1603001|2024-01-16T16:03:33.000Z|52.6065|-132.1173|24.97|ML|1.68|72 km S of Village of Queen Charlotte, BC/72 km S de Village of Queen Charlotte, BC
20240116.1345002|2024-01-16T13:45:41.000Z|48.7343|-120.0215|10.47|ML|1.64|50 km NW of Omak, WA/50 km NO de Omak, WA
20240116.1232001|2024-01-16T12:32:14.000Z|48.7504|-128.8854|10|Mw|3.11|209 km SW of Port Alice, BC/209 km SO de Port Alice, BC
20240116.1214001|2024-01-16T12:14:16.000Z|49.735|-123.584|2.74|ML|1.72|31 km NE of Sechelt, BC/31 km NE de Sechelt, BC
20240116.1105001|2024-01-16T11:05:31.000Z|47.0786|-66.6513|5|MN|1.79|44 km ESE of Riley Brook, NB/44 km ESE de Riley Brook, NB
20240116.1018001|2024-01-16T10:18:17.000Z|66.7763|-135.7585|15|ML|3.32|83 km SW of Fort McPherson, NT/83 km SO de Fort McPherson, NT
20240116.0720001|2024-01-16T07:20:06.000Z|80.2587|-108.2486|18|MN|2.95|694 km NNW of Resolute, NU/694 km NNO de Resolute, NU
20240116.0500001|2024-01-16T05:00:37.000Z|46.8157|-76.1274|18|MN|1.71|28 km NW of Grand-Remous, QC/28 km NO de Grand-Remous, QC
20240116.0450001|2024-01-16T04:50:31.000Z|48.1063|-125.0777|25|ML|1.65|69 km SW of Port Renfrew, BC/69 km SO de Port Renfrew, BC
20240115.1802006|2024-01-15T18:02:09.000Z|47.812|-123.21|45.78|ML|2.42|69 km W of Seattle, Washington, USA/69 km O de Seattle, Washington, USA
20240115.1659001|2024-01-15T16:59:40.000Z|69.0256|-88.4255|18|MN|2.84|78 km NE of Kugaaruk, NU/78 km NE de Kugaaruk, NU
20240115.1316001|2024-01-15T13:16:20.000Z|52.1363|-132.2127|20|ML|2.03|125 km S of Village of Queen Charlotte, BC/125 km S de Village of Queen Charlotte, BC
20240115.0958001|2024-01-15T09:58:08.000Z|50.5348|-130.3533|10|Mw|2.91|202 km W of Port Hardy, BC/202 km O de Port Hardy, BC
20240115.0834001|2024-01-15T08:34:13.000Z|52.8415|-132.4363|20|ML|1.35|51 km SW of Village of Queen Charlotte, BC/51 km SO de Village of Queen Charlotte, BC
20240115.0830002|2024-01-15T08:30:34.000Z|52.7953|-132.3168|20|ML|1.41|53 km S of Village of Queen Charlotte, BC/53 km S de Village of Queen Charlotte, BC
20240115.0746001|2024-01-15T07:46:44.000Z|52.9662|-132.5968|20|ML|1.18|47 km SW of Village of Queen Charlotte, BC/47 km SO de Village of Queen Charlotte, BC
20240115.0742001|2024-01-15T07:42:25.000Z|49.4627|-126.9306|32.19|ML|1.62|63 km SW of Gold River, BC/63 km SO de Gold River, BC
20240115.0725002|2024-01-15T07:25:05.000Z|48.0034|-123.2081|41.99|ML|3.24|49 km S of Victoria, Canada/49 km S de Victoria, Canada
20240115.0644001|2024-01-15T06:44:40.000Z|53.4651|-133.1241|20|ML|1.4|66 km W of Port Clements, BC/66 km O de Port Clements, BC
20240115.0638001|2024-01-15T06:38:01.000Z|50.5686|-130.3343|10|Mw|2.9|201 km W of Port Hardy, BC/201 km O de Port Hardy, BC
20240115.0635001|2024-01-15T06:35:05.000Z|60.043|-137.7557|10|ML|1.9|80 km S of Haines Junction, YT/80 km S de Haines Junction, YT
20240115.0610001|2024-01-15T06:10:32.000Z|49.1647|-128.4777|10|Mw|2.69|154 km SW of Port Alice, BC/154 km SO de Port Alice, BC
20240115.0515001|2024-01-15T05:15:03.000Z|52.6799|-132.3013|20|ML|1.7|66 km S of Village of Queen Charlotte, BC/66 km S de Village of Queen Charlotte, BC
20240115.0342001|2024-01-15T03:42:50.000Z|48.6966|-123.2218|18|ML|1.15|13 km E of Sidney, BC/13 km E de Sidney, BC
20240115.0338001|2024-01-15T03:38:44.000Z|54.6323|-129.5556|5|ML|1.71|60 km NE of Prince Rupert, BC/60 km NE de Prince Rupert, BC
20240115.0336001|2024-01-15T03:36:43.000Z|53.9449|-132.5427|10|ML|1.45|26 km W of Masset, BC/26 km O de Masset, BC
20240114.2305001|2024-01-14T23:05:05.000Z|52.7701|-132.3489|15.13|ML|1.15|56 km S of Village of Queen Charlotte, BC/56 km S de Village of Queen Charlotte, BC
20240114.2244002|2024-01-14T22:44:16.000Z|48.861|-122.4012|22.37|ML|1.57|24 km SW of Abbotsford, BC/24 km SO de Abbotsford, BC
20240114.2133002|2024-01-14T21:33:38.000Z|59.1562|-137.3459|10|ML|2.36|121 km W of Skagway, AK/121 km O de Skagway, AK
20240114.1950002|2024-01-14T19:50:34.000Z|53.0814|-132.7978|16.47|ML|1.71|51 km W of Village of Queen Charlotte, BC/51 km O de Village of Queen Charlotte, BC
20240114.1822001|2024-01-14T18:22:39.000Z|53.916|-132.5309|9.2|ML|1.86|27 km SW of Masset, BC/27 km SO de Masset, BC
20240114.1640002|2024-01-14T16:40:23.000Z|60.2325|-141.2689|1|ML|3.13|112 km NW of Yakutat, AK/112 km NO de Yakutat, AK
20240114.1142002|2024-01-14T11:42:23.000Z|59.6778|-138.8156|11.07|ML|2.36|55 km E of Yakutat, AK/55 km E de Yakutat, AK
20240114.1136001|2024-01-14T11:36:30.000Z|47.1656|-76.3644|18|MN|1.62|71 km NNW of Grand-Remous, QC/71 km NNO de Grand-Remous, QC
20240114.1051001|2024-01-14T10:51:14.000Z|54.5176|-128.9383|10|ML|3.22|21 km W of Terrace, BC/21 km O de Terrace, BC
20240114.0647002|2024-01-14T06:47:43.000Z|60.7785|-140.9902|8.12|ML|2.39|125 km SW of Burwash Landing, YT/125 km SO de Burwash Landing, YT
20240114.0641001|2024-01-14T06:41:42.000Z|61.5064|-78.64|18|MN|4.1|82 km NNW of Akulivik, QC/82 km NNO de Akulivik, QC
20240114.0303001|2024-01-14T03:03:26.000Z|60.1837|-141.403|0|ML|1.9|114 km NW of Yakutat, AK/114 km NO de Yakutat, AK
20240113.2359001|2024-01-13T23:59:42.000Z|60.7865|-140.999|8.41|ML|1.78|125 km SW of Burwash Landing, YT/125 km SO de Burwash Landing, YT
20240113.2209001|2024-01-13T22:09:00.000Z|55.3536|-121.8756|4.09|ML|2.64|40 km S of Chetwynd, BC/40 km S de Chetwynd, BC
20240113.2206001|2024-01-13T22:06:07.000Z|59.9548|-139.5902|4.15|ML|1.84|44 km N of Yakutat, AK/44 km N de Yakutat, AK
20240113.2107001|2024-01-13T21:07:44.000Z|60.1905|-140.993|6.6|ML|1.84|98 km NW of Yakutat, AK/98 km NO de Yakutat, AK
20240113.2046001|2024-01-13T20:46:14.000Z|53.2573|-133.247|20|ML|1.89|77 km W of Village of Queen Charlotte, BC/77 km O de Village of Queen Charlotte, BC
20240113.2011002|2024-01-13T20:11:10.000Z|60.1604|-140.9837|18.38|ML|1.88|95 km NW of Yakutat, AK/95 km NO de Yakutat, AK
20240113.1546001|2024-01-13T15:46:50.000Z|59.9585|-139.5638|0|ML|2.1|45 km N of Yakutat, AK/45 km N de Yakutat, AK
20240113.1446001|2024-01-13T14:46:47.000Z|58.5038|-137.3089|1|ML|2.7|160 km SW of Skagway, AK/160 km SO de Skagway, AK
20240113.1322002|2024-01-13T13:22:43.000Z|49.5743|-127.8261|10|Mw|2.42|94 km S of Port Alice, BC/94 km S de Port Alice, BC
20240113.1111001|2024-01-13T11:11:08.000Z|59.8919|-140.1448|0|ML|1.88|42 km NW of Yakutat, AK/42 km NO de Yakutat, AK
20240113.1013001|2024-01-13T10:13:43.000Z|50.46|-130.3068|10|Mw|2.89|200 km W of Port Hardy, BC/200 km O de Port Hardy, BC
20240113.0923001|2024-01-13T09:23:37.000Z|52.7158|-132.2508|19.59|ML|3.06|61 km S of Village of Queen Charlotte, BC/61 km S de Village of Queen Charlotte, BC
20240113.0857001|2024-01-13T08:57:45.000Z|52.7482|-132.2582|17.86|ML|1.39|58 km S of Village of Queen Charlotte, BC/58 km S de Village of Queen Charlotte, BC
20240113.0627002|2024-01-13T06:27:30.000Z|60.1986|-141.2779|10.31|ML|2.05|109 km NW of Yakutat, AK/109 km NO de Yakutat, AK
20240113.0607002|2024-01-13T06:07:27.000Z|56.4113|-135.5135|10|ML|3.12|72 km S of Sitka, AK/72 km S de Sitka, AK
20240113.0230001|2024-01-13T02:30:58.000Z|60.0174|-139.4925|8.33|ML|2.08|52 km N of Yakutat, AK/52 km N de Yakutat, AK
20240113.0222002|2024-01-13T02:22:21.000Z|42.1252|-65.6376|18|ML|3.5|160 km S of Barrington, NS/160 km S de Barrington, NS
20240113.0107001|2024-01-13T01:07:00.000Z|46.2352|-80.4109|2|MN|1.41|22 km NE of Alban part A, ON/22 km NE de Alban part A, ON
20240112.1824001|2024-01-12T18:24:09.000Z|52.7783|-132.2373|20.7|ML|1.67|54 km S of Village of Queen Charlotte, BC/54 km S de Village of Queen Charlotte, BC
20240112.1727001|2024-01-12T17:27:28.000Z|53.9046|-132.5564|15.77|ML|1.55|29 km SW of Masset, BC/29 km SO de Masset, BC
20240112.1350001|2024-01-12T13:50:55.000Z|48.5111|-123.7084|25.11|ML|1.02|13 km N of Sooke, BC/13 km N de Sooke, BC
20240112.1318001|2024-01-12T13:18:10.000Z|45.9864|-76.9893|18|MN|1.2|10 km NW of Waltham, QC/10 km NO de Waltham, QC
20240112.1143001|2024-01-12T11:43:45.000Z|50.5508|-130.2892|10|Mw|2.94|197 km W of Port Hardy, BC/197 km O de Port Hardy, BC
20240112.1126001|2024-01-12T11:26:28.000Z|53.0592|-132.806|20|ML|1.86|53 km SW of Village of Queen Charlotte, BC/53 km SO de Village of Queen Charlotte, BC
20240112.1125002|2024-01-12T11:25:39.000Z|53.0564|-132.798|20|ML|1.93|52 km SW of Village of Queen Charlotte, BC/52 km SO de Village of Queen Charlotte, BC
20240112.0746002|2024-01-12T07:46:19.000Z|56.4123|-135.7014|10|mb|5.51|75 km S of Sitka, AK/75 km S de Sitka, AK
20240112.0740001|2024-01-12T07:40:39.000Z|52.7388|-132.2874|19.01|ML|2.36|59 km S of Village of Queen Charlotte, BC/59 km S de Village of Queen Charlotte, BC
20240112.0634002|2024-01-12T06:34:35.000Z|49.3707|-77.871|18|MN|3.1|20 km SSW of Vezza Mine, QC/20 km SSO de la mine Vezza, QC
20240112.0549001|2024-01-12T05:49:07.000Z|62.2718|-141.6184|9.54|ML|1.9|40 km W of Beaver Creek, YT/40 km O de Beaver Creek, YT
20240112.0342001|2024-01-12T03:42:33.000Z|47.81|-70.0328|2.53|MN|1.01|11 km WSW of Saint-Siméon, QC/11 km OSO de Saint-Siméon, QC
20240112.0308001|2024-01-12T03:08:06.000Z|51.3022|-93.458|5|MN|2.21|34 km NE of Golden, ON/34 km NE de Golden, ON
20240112.0307001|2024-01-12T03:07:46.000Z|59.0198|-136.3986|1|ML|2.73|82 km SW of Skagway, AK/82 km SO de Skagway, AK
20240112.0127001|2024-01-12T01:27:47.000Z|44.5689|-56.2069|18|ML|4.48|299 km SSW of Marystown, NL/299 km SSO de Marystown, NL
20240112.0105001|2024-01-12T01:05:44.000Z|58.551|-137.3378|1|ML|2.38|157 km SW of Skagway, AK/157 km SO de Skagway, AK
20240111.2325001|2024-01-11T23:25:42.000Z|45.9841|-65.5642|15.7|MN|1.78|19 km ENE of Johnston, NB/19 km ENE de Johnston, NB
20240111.2057001|2024-01-11T20:57:31.000Z|47.3409|-76.5327|18|MN|3.17|66 km ESE of Kitcisakik, QC/66 km ESE de Kitcisakik, QC
20240111.0252001|2024-01-11T02:52:32.000Z|49.2374|-123.6261|11.02|ML|1.72|20 km SW of Gibsons, BC/20 km SO de Gibsons, BC
20240110.2233001|2024-01-10T22:33:27.000Z|55.1387|-124.2603|1|ML|2.58|78 km N of Necoslie (Fort St. James), BC/78 km N de Necoslie (Fort St. James), BC
20240110.2005001|2024-01-10T20:05:49.000Z|56.9978|-58.4811|18|ML|3.35|204 km ENE of Nain, NL/204 km ENE de Nain, NL
20240110.1946001|2024-01-10T19:46:48.000Z|61.4581|-141.2736|1|ML|1.57|106 km S of Beaver Creek, YT/106 km S de Beaver Creek, YT
20240110.1742002|2024-01-10T17:42:45.000Z|59.8039|-141.237|1|ML|2.23|86 km W of Yakutat, AK/86 km O de Yakutat, AK
20240110.1636001|2024-01-10T16:36:10.000Z|60.0844|-139.4939|2.31|ML|2.39|60 km N of Yakutat, AK/60 km N de Yakutat, AK
20240110.1335003|2024-01-10T13:35:10.000Z|60.1064|-139.4799|1|ML|2.77|62 km N of Yakutat, AK/62 km N de Yakutat, AK
20240110.1228001|2024-01-10T12:28:51.000Z|50.4767|-129.1022|20|ML|2.36|116 km W of Port Hardy, BC/116 km O de Port Hardy, BC
20240110.1105001|2024-01-10T11:05:38.000Z|60.9591|-140.165|12.06|ML|1.48|77 km SW of Burwash Landing, YT/77 km SO de Burwash Landing, YT
20240110.1032001|2024-01-10T10:32:04.000Z|61.0047|-138.2612|1|ML|2.09|49 km NW of Haines Junction, YT/49 km NO de Haines Junction, YT
20240110.0951001|2024-01-10T09:51:21.000Z|48.7824|-121.8878|1|ML|2.11|41 km SE of Abbotsford, BC/41 km SE de Abbotsford, BC
20240110.0939001|2024-01-10T09:39:14.000Z|47.46|-69.9811|11.6|MN|1.02|7 km NNW of Saint-Pacôme, QC/7 km NNO de Saint-Pacôme, QC
20240110.0300001|2024-01-10T03:00:11.000Z|44.7043|-77.8717|2|MN|1.8|7 km ENE of Nephton Mine, ON/7 km ENE de la mine Nephton, ON
20240109.2015001|2024-01-09T20:15:27.000Z|45.0756|-73.8675|15.29|MN|1.75|8 km WSW of Saint-Chrysostome, QC/8 km OSO de Saint-Chrysostome, QC
20240109.1515001|2024-01-09T15:15:43.000Z|50.7157|-130.4299|10|Mw|3.69|206 km W of Port Hardy, BC/206 km O de Port Hardy, BC
20240109.1437001|2024-01-09T14:37:30.000Z|60.9697|-138.2543|1|ML|1.56|46 km NW of Haines Junction, YT/46 km NO de Haines Junction, YT
20240109.1342001|2024-01-09T13:42:38.000Z|59.0143|-137.9348|1|ML|2.32|120 km SE of Yakutat, AK/120 km SE de Yakutat, AK
20240109.1236001|2024-01-09T12:36:22.000Z|49.1247|-67.5523|18|MN|1.45|22 km S of Godbout, QC/22 km S de Godbout, QC
20240109.1144001|2024-01-09T11:44:43.000Z|60.9733|-138.2667|0.52|ML|1.57|47 km NW of Haines Junction, YT/47 km NO de Haines Junction, YT
20240109.1141001|2024-01-09T11:41:55.000Z|48.6287|-123.042|51.36|ML|1.9|26 km E of Sidney, BC/26 km E de Sidney, BC
20240109.0525001|2024-01-09T05:25:26.000Z|60.2251|-141.2697|1|ML|1.94|111 km NW of Yakutat, AK/111 km NO de Yakutat, AK
20240109.0440001|2024-01-09T04:40:06.000Z|46.8611|-76.5708|18|MN|1.85|58 km WNW of Grand-Remous, QC/58 km ONO de Grand-Remous, QC
20240109.0352001|2024-01-09T03:52:05.000Z|50.1956|-129.6316|10|Mw|3.53|156 km W of Port Alice, BC/156 km O de Port Alice, BC
20240109.0348001|2024-01-09T03:48:01.000Z|52.8375|-132.3943|23.47|ML|1.72|51 km SW of Village of Queen Charlotte, BC/51 km SO de Village of Queen Charlotte, BC
20240109.0141004|2024-01-09T01:41:26.000Z|50.6373|-130.4279|10|Mw|4.83|206 km W of Port Hardy, BC/206 km O de Port Hardy, BC
20240109.0109001|2024-01-09T01:09:24.000Z|61.82|-137.6226|5|ML|1.73|76 km SW of Carmacks, YT/76 km SO de Carmacks, YT
20240109.0056001|2024-01-09T00:56:10.000Z|53.5407|-133.3519|20|ML|2.27|78 km W of Port Clements, BC/78 km O de Port Clements, BC
20240108.2014002|2024-01-08T20:14:31.000Z|47.49|-70.065|15.28|MN|1.22|13 km N of La Pocatière, QC/13 km N de La Pocatière, QC
20240108.1921001|2024-01-08T19:21:53.000Z|46.9361|-76.2823|18|MN|2.63|46 km NW of Grand-Remous, QC/46 km NO de Grand-Remous, QC
20240108.1114001|2024-01-08T11:14:50.000Z|44.6436|-67.9806|5|MN|1.65|34 km NNE of Bar Harbor, ME/34 km NNE de Bar Harbor, ME
20240108.0542001|2024-01-08T05:42:17.000Z|53.0758|-132.7066|19.52|ML|2.12|46 km SW of Village of Queen Charlotte, BC/46 km SO de Village of Queen Charlotte, BC
20240108.0414001|2024-01-08T04:14:21.000Z|49.6382|-127.0216|26.87|ML|1.51|65 km W of Gold River, BC/65 km O de Gold River, BC
20240108.0227002|2024-01-08T02:27:06.000Z|49.1599|-92.071|2|MN|1.71|41 km SW of Ignace, ON/41 km SO de Ignace, ON
20240108.0221001|2024-01-08T02:21:31.000Z|62.8245|-139.1997|6.48|ML|2.96|99 km NE of Beaver Creek, YT/99 km NE de Beaver Creek, YT
20240108.0125001|2024-01-08T01:25:02.000Z|60.2872|-141.1969|11.24|ML|2.27|113 km NW of Yakutat, AK/113 km NO de Yakutat, AK
20240108.0107001|2024-01-08T01:07:45.000Z|62.7949|-139.2601|12.81|ML|2.13|94 km NE of Beaver Creek, YT/94 km NE de Beaver Creek, YT
20240107.1811001|2024-01-07T18:11:44.000Z|48.7929|-129.0699|10|Mw|3.54|212 km SW of Port Alice, BC/212 km SO de Port Alice, BC
20240107.1427001|2024-01-07T14:27:56.000Z|45.6397|-65.9378|5|MN|2.32|11 km E of Hampstead, NB/11 km E de Hampstead, NB
20240107.1200001|2024-01-07T12:00:13.000Z|50.5693|-130.3243|10|Mw|3.56|200 km W of Port Hardy, BC/200 km O de Port Hardy, BC
20240107.1136004|2024-01-07T11:36:59.000Z|57.5976|-140.0398|10|ML|4.38|219 km S of Yakutat, AK/219 km S de Yakutat, AK
20240107.0826001|2024-01-07T08:26:25.000Z|51.7071|-130.9196|10|ML|2.45|190 km SE of Village of Queen Charlotte, BC/190 km SE de Village of Queen Charlotte, BC
20240107.0743001|2024-01-07T07:43:30.000Z|50.4168|-62.5428|2|MN|1.41|24 km NE of Baie-Johan-Beetz, QC/24 km NE de Baie-Johan-Beetz, QC
20240107.0724001|2024-01-07T07:24:28.000Z|49.9543|-62.9526|18|MN|2.22|38 km SSW of Baie-Johan-Beetz, QC/38 km SSO de Baie-Johan-Beetz, QC
20240106.2122001|2024-01-06T21:22:20.000Z|61.2243|-140.6432|1|ML|1.9|89 km W of Burwash Landing, YT/89 km O de Burwash Landing, YT
20240106.1945001|2024-01-06T19:45:06.000Z|43.4272|-77.873|5|MN|2.47|35 km NW of Rochester, NY/35 km NO de Rochester, NY
20240106.1918001|2024-01-06T19:18:56.000Z|53.2334|-132.6007|20|ML|1.65|34 km W of Village of Queen Charlotte, BC/34 km O de Village of Queen Charlotte, BC
20240106.1915001|2024-01-06T19:15:59.000Z|67.1239|-145.5033|10|ML|3.06|62 km N of Fort Yukon, AK/62 km N de Fort Yukon, AK
20240106.1643001|2024-01-06T16:43:08.000Z|48.738|-121.8266|0|ML|2.13|48 km SE of Abbotsford, BC/48 km SE de Abbotsford, BC
20240106.1600001|2024-01-06T16:00:34.000Z|59.7773|-136.5708|5|ML|2.09|74 km W of Skagway, AK/74 km O de Skagway, AK
20240106.1332001|2024-01-06T13:32:32.000Z|60.254|-139.9757|0|ML|1.94|77 km N of Yakutat, AK/77 km N de Yakutat, AK
20240106.1326001|2024-01-06T13:26:06.000Z|59.0916|-137.9938|5|ML|2.46|113 km SE of Yakutat, AK/113 km SE de Yakutat, AK
20240106.1254001|2024-01-06T12:54:04.000Z|56.917|-122.1625|5.48|ML|2.64|109 km NW of Fort St. John, BC/109 km NO de Fort St. John, BC
20240106.1143002|2024-01-06T11:43:01.000Z|60.3155|-141.6835|13.02|ML|2.31|136 km NW of Yakutat, AK/136 km NO de Yakutat, AK
20240106.1048001|2024-01-06T10:48:52.000Z|59.6611|-136.209|10|ML|1.95|51 km W of Skagway, AK/51 km O de Skagway, AK
20240106.1045001|2024-01-06T10:45:41.000Z|48.7987|-93.3644|5|MN|1.86|10 km N of Rainy Lake 18C, ON/10 km N de Rainy Lake 18C, ON
20240106.1028001|2024-01-06T10:28:57.000Z|51.1677|-130.528|10|Mw|3.47|198 km SW of Bella Bella, BC/198 km SO de Bella Bella, BC
20240106.0858001|2024-01-06T08:58:40.000Z|44.0288|-69.8218|5|MN|2.09|32 km ESE of Lewiston, ME/32 km ESE de Lewiston, ME
20240106.0841001|2024-01-06T08:41:29.000Z|63.6021|-127.4784|1|ML|3.65|171 km SW of Tulita, NT/171 km SO de Tulita, NT
20240106.0829002|2024-01-06T08:29:00.000Z|53.1418|-132.8663|20|ML|2.19|53 km W of Village of Queen Charlotte, BC/53 km O de Village of Queen Charlotte, BC
20240106.0814001|2024-01-06T08:14:32.000Z|48.4458|-122.2792|0.63|ML|1.91|68 km S of Abbotsford, BC/68 km S de Abbotsford, BC
20240106.0751001|2024-01-06T07:51:46.000Z|71.9992|-75.4049|18|MN|2.55|116 km SE of Pond Inlet, NU/116 km SE de Pond Inlet, NU
20240106.0737001|2024-01-06T07:37:44.000Z|60.0694|-140.7475|5.95|ML|1.97|78 km NW of Yakutat, AK/78 km NO de Yakutat, AK
20240106.0720001|2024-01-06T07:20:50.000Z|49.1796|-67.6545|18|MN|1.16|16 km SSW of Godbout, QC/16 km SSO de Godbout, QC
20240106.0359001|2024-01-06T03:59:40.000Z|62.6064|-137.6379|10|ML|2.12|59 km SW of Pelly Crossing, YT/59 km SO de Pelly Crossing, YT
20240106.0253001|2024-01-06T02:53:20.000Z|58.9507|-137.7503|5|ML|2.54|133 km SE of Yakutat, AK/133 km SE de Yakutat, AK
20240106.0049001|2024-01-06T00:49:21.000Z|61.3802|-140.0359|10.64|ML|1.98|55 km W of Burwash Landing, YT/55 km O de Burwash Landing, YT
20240105.1608001|2024-01-05T16:08:25.000Z|52.1898|-132.0081|20|ML|2.69|119 km S of Village of Queen Charlotte, BC/119 km S de Village of Queen Charlotte, BC
20240105.1540001|2024-01-05T15:40:03.000Z|58.9678|-138.0001|1|ML|2.85|120 km SE of Yakutat, AK/120 km SE de Yakutat, AK
20240105.1051001|2024-01-05T10:51:54.000Z|59.6711|-135.8349|5|ML|2.09|32 km NW of Skagway, AK/32 km NO de Skagway, AK
20240105.0945001|2024-01-05T09:45:53.000Z|64.5938|-138.912|10|ML|2.87|63 km NE of Dawson, YT/63 km NE de Dawson, YT
20240105.0904001|2024-01-05T09:04:23.000Z|58.8045|-136.7669|1|ML|2.02|114 km SW of Skagway, AK/114 km SO de Skagway, AK
20240105.0847002|2024-01-05T08:47:08.000Z|41.7624|-81.0372|5|MN|2.8|64 km ENE of Cleveland, OH/64 km ENE de Cleveland, OH
20240105.0809001|2024-01-05T08:09:05.000Z|59.724|-136.3289|5|ML|1.32|59 km W of Skagway, AK/59 km O de Skagway, AK
20240105.0720001|2024-01-05T07:20:27.000Z|59.635|-138.8515|1|ML|2.5|52 km E of Yakutat, AK/52 km E de Yakutat, AK
20240105.0646003|2024-01-05T06:46:17.000Z|46.8538|-121.9825|7.04|ML|1.74|57 km SE of Tacoma, WA/57 km SE de Tacoma, WA
20240105.0602003|2024-01-05T06:02:35.000Z|46.8533|-121.9918|6.67|ML|2.83|57 km SE of Tacoma, WA/57 km SE de Tacoma, WA
20240105.0351001|2024-01-05T03:51:30.000Z|72.5209|-74.4395|18|MN|2.39|119 km E of Pond Inlet, NU/119 km E de Pond Inlet, NU
20240105.0348003|2024-01-05T03:48:41.000Z|46.1995|-122.3182|10.98|ML|3.05|77 km N of Portland  , OR/77 km N de Portland  , OR
20240105.0252001|2024-01-05T02:52:17.000Z|66.9791|-136.0033|10|ML|2.08|71 km SW of Fort McPherson, NT/71 km SO de Fort McPherson, NT
20240105.0015001|2024-01-05T00:15:57.000Z|58.3317|-138.1859|10|ML|2.68|164 km SE of Yakutat, AK/164 km SE de Yakutat, AK
20240104.2332002|2024-01-04T23:32:18.000Z|49.4929|-92.8665|2|MN|2.26|32 km S of Dryden, ON/32 km S de Dryden, ON
20240104.2120001|2024-01-04T21:20:41.000Z|46.8032|-68.3149|2|MN|2.19|24 km W of Presque Isle, ME/24 km O de Presque Isle, ME
20240104.2014001|2024-01-04T20:14:36.000Z|45.0394|-80.3879|2|MN|2.13|29 km NW of Christian Island 30, ON/29 km NO de Christian Island 30, ON
20240104.1828001|2024-01-04T18:28:52.000Z|49.8741|-65.1225|18|MN|1.9|50 km SSW of Rivière-au-Tonnerre, QC/50 km SSO de Rivière-au-Tonnerre, QC
20240104.1805001|2024-01-04T18:05:07.000Z|48.4919|-122.5098|31.28|ML|1.69|64 km E of Victoria, BC/64 km E de Victoria, BC
20240104.1146002|2024-01-04T11:46:42.000Z|45.2014|-75.3026|11.84|MN|1.55|8 km SSW of Embrun, ON/8 km SSO de Embrun, ON
20240104.1130001|2024-01-04T11:30:10.000Z|48.1766|-71.009|18|MN|1.24|16 km WNW of Ferland-et-Boilleau, QC/16 km ONO de Ferland-et-Boilleau, QC
20240104.1113001|2024-01-04T11:13:46.000Z|53.0801|-132.6439|20|ML|1.79|41 km SW of Village of Queen Charlotte, BC/41 km SO de Village of Queen Charlotte, BC
20240104.1054003|2024-01-04T10:54:51.000Z|47.7068|-70.1133|12.15|MN|2.96|7 km NNE of La Malbaie, QC, felt/7 km NNE de La Malbaie, QC, ressenti
20240104.0822001|2024-01-04T08:22:26.000Z|52.4888|-132.0061|20|ML|1.97|86 km S of Village of Queen Charlotte, BC/86 km S de Village of Queen Charlotte, BC
20240104.0809001|2024-01-04T08:09:56.000Z|45.4587|-79.8628|5|MN|1.71|7 km SE of McKellar, ON/7 km SE de McKellar, ON
20240104.0707001|2024-01-04T07:07:10.000Z|61.2134|-140.6451|8.88|ML|2.2|89 km W of Burwash Landing, YT/89 km O de Burwash Landing, YT
20240104.0504001|2024-01-04T05:04:30.000Z|44.2219|-73.8147|5|MN|1.63|56 km WSW of Burlington, VT/56 km OSO de Burlington, VT
20240104.0423001|2024-01-04T04:23:07.000Z|45.9598|-66.0026|5|MN|1.14|5 km N of Waterborough, NB/5 km N de Waterborough, NB
20240104.0251001|2024-01-04T02:51:40.000Z|53.1537|-129.0506|5|ML|1.95|105 km S of Kitimat, BC/105 km S de Kitimat, BC
20240104.0246001|2024-01-04T02:46:56.000Z|47.4878|-70.0498|10.45|MN|1.25|13 km N of La Pocatière, QC/13 km N de La Pocatière, QC
20240104.0140001|2024-01-04T01:40:01.000Z|59.0392|-137.082|1|ML|2.08|113 km SW of Skagway, AK/113 km SO de Skagway, AK
20240104.0056003|2024-01-04T00:56:01.000Z|46.8505|-121.9858|7.52|ML|2.09|57 km SE of Tacoma, WA/57 km SE de Tacoma, WA
20240104.0052001|2024-01-04T00:52:37.000Z|66.237|-135.4409|10|ML|2.22|137 km S of Fort McPherson, NT/137 km S de Fort McPherson, NT
20240103.2350001|2024-01-03T23:50:12.000Z|61.2092|-140.626|15.87|ML|2.16|88 km W of Burwash Landing, YT/88 km O de Burwash Landing, YT
20240103.2250001|2024-01-03T22:50:30.000Z|56.9204|-122.2367|1|ML|1.99|112 km NW of Fort St. John, BC/112 km NO de Fort St. John, BC
20240103.2138002|2024-01-03T21:38:32.000Z|49.3339|-123.9564|64.01|ML|1.99|18 km N of Nanaimo, BC/18 km N de Nanaimo, BC
20240103.2131001|2024-01-03T21:31:08.000Z|72.7559|-97.01|18|MN|2.82|226 km SSW of Resolute, NU/226 km SSO de Resolute, NU
20240103.1802001|2024-01-03T18:02:57.000Z|52.8453|-132.4207|20|ML|1.23|51 km SW of Village of Queen Charlotte, BC/51 km SO de Village of Queen Charlotte, BC
20240103.1714003|2024-01-03T17:14:07.000Z|52.5701|-132.6056|19.63|ML|3.97|83 km SW of Village of Queen Charlotte, BC/83 km SO de Village of Queen Charlotte, BC
20240103.1522002|2024-01-03T15:22:25.000Z|57.4307|-132.7387|5|ML|3.18|106 km SW of Telegraph Creek, BC/106 km SO de Telegraph Creek, BC
20240103.1437001|2024-01-03T14:37:57.000Z|46.044|-66.0481|5|MN|1.84|4 km SSE of Minto, NB/4 km SSE de Minto, NB
20240103.1436001|2024-01-03T14:36:26.000Z|46.018|-66.0424|5|MN|1.66|7 km SSE of Minto, NB/7 km SSE de Minto, NB
20240103.1429001|2024-01-03T14:29:08.000Z|52.6785|-132.1733|21.13|ML|2.26|65 km S of Village of Queen Charlotte, BC/65 km S de Village of Queen Charlotte, BC
20240103.1354001|2024-01-03T13:54:23.000Z|46.0311|-66.0581|5|MN|1.52|5 km SSE of Minto, NB/5 km SSE de Minto, NB
20240103.1320001|2024-01-03T13:20:23.000Z|45.999|-66.0486|5|MN|2.36|4 km NE of Canning, NB/4 km NE de Canning, NB
20240103.1239001|2024-01-03T12:39:30.000Z|45.9855|-66.0407|5|MN|1.88|4 km ENE of Canning, NB/4 km ENE de Canning, NB
20240103.1233001|2024-01-03T12:33:01.000Z|45.9871|-66.0416|5|MN|2.34|4 km ENE of Canning, NB/4 km ENE de Canning, NB
20240103.0715001|2024-01-03T07:15:21.000Z|59.0338|-136.4148|1|ML|2.17|82 km SW of Skagway, AK/82 km SO de Skagway, AK
20240103.0403001|2024-01-03T04:03:42.000Z|54.5116|-128.9303|5|ML|2.41|21 km W of Terrace, BC/21 km O de Terrace, BC
20240103.0354001|2024-01-03T03:54:18.000Z|50.4875|-130.1551|10|Mw|3.9|189 km W of Port Hardy, BC/189 km O de Port Hardy, BC
20240103.0300001|2024-01-03T03:00:37.000Z|60.7572|-58.8803|18|ML|3.42|530 km SW of Nuuk, GL/530 km SO de Nuuk, GL
20240103.0058001|2024-01-03T00:58:14.000Z|55.8667|-120.4749|1|ML|2.18|18 km NW of Dawson Creek, BC/18 km NO de Dawson Creek, BC
20240103.0031001|2024-01-03T00:31:38.000Z|52.8414|-132.4211|19.48|ML|1.79|51 km SW of Village of Queen Charlotte, BC/51 km SO de Village of Queen Charlotte, BC
20240102.2238001|2024-01-02T22:38:23.000Z|60.1588|-141.0312|6.12|ML|2.02|96 km NW of Yakutat, AK/96 km NO de Yakutat, AK
20240102.1744001|2024-01-02T17:44:55.000Z|58.4016|-137.7091|5|ML|2.57|175 km SE of Yakutat, AK/175 km SE de Yakutat, AK
20240102.1401001|2024-01-02T14:01:34.000Z|50.2114|-130.0327|10|Mw|3.28|184 km W of Port Alice, BC/184 km O de Port Alice, BC
20240102.1014001|2024-01-02T10:14:07.000Z|52.8012|-132.3344|23.63|ML|2.42|53 km S of Village of Queen Charlotte, BC/53 km S de Village of Queen Charlotte, BC
20240102.0823002|2024-01-02T08:23:17.000Z|61.6078|-141.2806|1|ML|1.84|89 km S of Beaver Creek, YT/89 km S de Beaver Creek, YT
20240102.0813001|2024-01-02T08:13:42.000Z|46.6268|-77.9249|18|MN|1.83|51 km NE of Head, Clara and Maria, ON/51 km NE de Head, Clara and Maria, ON
20240102.0714001|2024-01-02T07:14:35.000Z|61.5466|-140.6988|16.64|ML|1.63|92 km W of Burwash Landing, YT/92 km O de Burwash Landing, YT
20240102.0345001|2024-01-02T03:45:22.000Z|48.1288|-124.6145|20.78|ML|1.67|49 km S of Port Renfrew, BC/49 km S de Port Renfrew, BC
20240102.0327001|2024-01-02T03:27:22.000Z|59.7671|-136.5084|1|ML|1.9|70 km NW of Skagway, AK/70 km NO de Skagway, AK
20240102.0254001|2024-01-02T02:54:16.000Z|51.0638|-124.3666|1|ML|2.77|131 km NE of Campbell River, BC/131 km NE de Campbell River, BC
20240102.0158001|2024-01-02T01:58:59.000Z|41.7672|-81.0342|2|MN|2.61|64 km ENE of Cleveland, OH/64 km ENE de Cleveland, OH
20240102.0110001|2024-01-02T01:10:11.000Z|59.5952|-136.1921|1|ML|1.72|48 km W of Skagway, AK/48 km O de Skagway, AK
20240102.0109001|2024-01-02T01:09:59.000Z|45.9723|-75.7452|18.7|MN|1.06|16 km SW of Notre-Dame-du-Laus, QC/16 km SO de Notre-Dame-du-Laus, QC
20240102.0006001|2024-01-02T00:06:29.000Z|50.5408|-130.2707|10|Mw|3.83|197 km W of Port Hardy, BC/197 km O de Port Hardy, BC
20240101.2151001|2024-01-01T21:51:53.000Z|52.5462|-131.9702|20|ML|1.59|79 km S of Village of Queen Charlotte, BC/79 km S de Village of Queen Charlotte, BC
20240101.2113001|2024-01-01T21:13:11.000Z|49.89|-130.0603|10|Mw|3.1|194 km W of Port Alice, BC/194 km O de Port Alice, BC
20240101.2111001|2024-01-01T21:11:56.000Z|46.6655|-77.8915|6.82|MN|1.56|56 km NNE of Head, Clara and Maria, ON/56 km NNE de Head, Clara and Maria, ON
20240101.2038001|2024-01-01T20:38:36.000Z|59.6948|-136.1665|1|ML|1.9|50 km NW of Skagway, AK/50 km NO de Skagway, AK
20240101.1745002|2024-01-01T17:45:55.000Z|46.4229|-76.2845|16.9|MN|3.06|17 km WNW of Kitigan Zibi, QC/17 km ONO de Kitigan Zibi, QC
20240101.1435001|2024-01-01T14:35:02.000Z|61.3838|-141.9112|5|ML|1.42|124 km SW of Beaver Creek, YT/124 km SO de Beaver Creek, YT
20240101.1433002|2024-01-01T14:33:56.000Z|61.0337|-140.1673|5|ML|1.45|72 km SW of Burwash Landing, YT/72 km SO de Burwash Landing, YT
20240101.1431001|2024-01-01T14:31:48.000Z|61.3972|-141.9396|1|ML|1.2|123 km SW of Beaver Creek, YT/123 km SO de Beaver Creek, YT
20240101.1328001|2024-01-01T13:28:24.000Z|53.2871|-133.0588|17.31|ML|1.84|64 km W of Village of Queen Charlotte, BC/64 km O de Village of Queen Charlotte, BC
20240101.1304001|2024-01-01T13:04:13.000Z|52.4636|-131.8762|23.04|ML|1.8|89 km S of Village of Queen Charlotte, BC/89 km S de Village of Queen Charlotte, BC
20240101.0200001|2024-01-01T02:00:55.000Z|45.4523|-79.8424|5|MN|1.57|9 km SE of McKellar, ON/9 km SE de McKellar, ON
